[2026-08-01 15:42:27Z INFO HostContext] No proxy settings were found based on environmental variables (http_proxy/https_proxy/HTTP_PROXY/HTTPS_PROXY)
[2026-08-01 15:42:27Z INFO HostContext] Well known directory 'Bin': 'E:\Interview\observability-platform\actions-runner\bin'
[2026-08-01 15:42:27Z INFO HostContext] Well known directory 'Root': 'E:\Interview\observability-platform\actions-runner'
[2026-08-01 15:42:27Z INFO HostContext] Well known config file 'Credentials': 'E:\Interview\observability-platform\actions-runner\.credentials'
[2026-08-01 15:42:27Z INFO HostContext] Well known directory 'Bin': 'E:\Interview\observability-platform\actions-runner\bin'
[2026-08-01 15:42:27Z INFO HostContext] Well known directory 'Root': 'E:\Interview\observability-platform\actions-runner'
[2026-08-01 15:42:27Z INFO HostContext] Well known config file 'Runner': 'E:\Interview\observability-platform\actions-runner\.runner'
[2026-08-01 15:42:27Z INFO Worker] Version: 2.336.0
[2026-08-01 15:42:27Z INFO Worker] Commit: 98aabcd429c4e8402406c56ce2d26387fed3b9ce
[2026-08-01 15:42:27Z INFO Worker] Culture: en-IN
[2026-08-01 15:42:27Z INFO Worker] UI Culture: en-US
[2026-08-01 15:42:27Z INFO Worker] Waiting to receive the job message from the channel.
[2026-08-01 15:42:27Z INFO ProcessChannel] Receiving message of length 22636, with hash '35713dbaddba2835b33a8e1bdadfee2600f1a014c0a38a136de9ef557bac68c7'
[2026-08-01 15:42:27Z INFO Worker] Message received.
[2026-08-01 15:42:27Z INFO Worker] Job message:
 {
  "fileTable": [
    ".github/workflows/deploy.yaml"
  ],
  "mask": [
    {
      "type": "regex",
      "value": "***"
    },
    {
      "type": "regex",
      "value": "***"
    },
    {
      "type": "regex",
      "value": "***"
    },
    {
      "type": "regex",
      "value": "***"
    },
    {
      "type": "regex",
      "value": "***"
    },
    {
      "type": "regex",
      "value": "***"
    },
    {
      "type": "regex",
      "value": "***"
    },
    {
      "type": "regex",
      "value": "***"
    },
    {
      "type": "regex",
      "value": "***"
    },
    {
      "type": "regex",
      "value": "***"
    },
    {
      "type": "regex",
      "value": "***"
    },
    {
      "type": "regex",
      "value": "***"
    },
    {
      "type": "regex",
      "value": "***"
    },
    {
      "type": "regex",
      "value": "***"
    },
    {
      "type": "regex",
      "value": "***"
    },
    {
      "type": "regex",
      "value": "***"
    },
    {
      "type": "regex",
      "value": "***"
    },
    {
      "type": "regex",
      "value": "***"
    },
    {
      "type": "regex",
      "value": "***"
    },
    {
      "type": "regex",
      "value": "***"
    },
    {
      "type": "regex",
      "value": "***"
    },
    {
      "type": "regex",
      "value": "***"
    },
    {
      "type": "regex",
      "value": "***"
    }
  ],
  "steps": [
    {
      "type": "action",
      "reference": {
        "type": "repository",
        "name": "actions/checkout",
        "ref": "v4",
        "repositoryType": "GitHub"
      },
      "contextName": "__actions_checkout",
      "condition": "success()",
      "id": "60f2e5c8-a6d8-4acc-bc8a-fd140cee8b0c",
      "name": "__actions_checkout"
    },
    {
      "type": "action",
      "reference": {
        "type": "script"
      },
      "displayNameToken": {
        "type": 0,
        "file": 1,
        "line": 15,
        "col": 15,
        "lit": "Runner Information"
      },
      "contextName": "__run",
      "inputs": {
        "type": 2,
        "map": [
          {
            "key": "script",
            "value": {
              "type": 0,
              "file": 1,
              "line": 17,
              "col": 14,
              "lit": "Write-Host \"Runner is working\"\n\nkubectl version --client\n\nkubectl get nodes\n\nkubectl get ns\n\ngit --version"
            }
          },
          {
            "key": "shell",
            "value": {
              "type": 0,
              "file": 1,
              "line": 16,
              "col": 16,
              "lit": "powershell"
            }
          }
        ]
      },
      "condition": "success()",
      "id": "2463c16c-cdf7-41af-9886-a712bf787ce2",
      "name": "__run"
    }
  ],
  "variables": {
    "Actions.EnableHttpRedirects": {
      "value": "true"
    },
    "DistributedTask.AddWarningToNode12Action": {
      "value": "true"
    },
    "DistributedTask.AddWarningToNode16Action": {
      "value": "true"
    },
    "DistributedTask.AllowRunnerContainerHooks": {
      "value": "true"
    },
    "DistributedTask.DeprecateStepOutputCommands": {
      "value": "true"
    },
    "DistributedTask.DetailUntarFailure": {
      "value": "true"
    },
    "DistributedTask.EnableCompositeActions": {
      "value": "true"
    },
    "DistributedTask.EnableJobServerQueueTelemetry": {
      "value": "true"
    },
    "DistributedTask.EnhancedAnnotations": {
      "value": "true"
    },
    "DistributedTask.ForceGithubJavascriptActionsToNode16": {
      "value": "true"
    },
    "DistributedTask.ForceGithubJavascriptActionsToNode20": {
      "value": "true"
    },
    "DistributedTask.LogTemplateErrorsAsDebugMessages": {
      "value": "true"
    },
    "DistributedTask.MarkJobAsFailedOnWorkerCrash": {
      "value": "true"
    },
    "DistributedTask.NewActionMetadata": {
      "value": "true"
    },
    "DistributedTask.UploadStepSummary": {
      "value": "true"
    },
    "DistributedTask.UseActionArchiveCache": {
      "value": "true"
    },
    "DistributedTask.UseWhich2": {
      "value": "true"
    },
    "RunService.FixEmbeddedIssues": {
      "value": "true"
    },
    "actions.runner.requirenode24": {
      "value": "false"
    },
    "actions.runner.usenode24bydefault": {
      "value": "true"
    },
    "actions.runner.warnonnode20": {
      "value": "true"
    },
    "actions_add_check_run_id_to_job_context": {
      "value": "true"
    },
    "actions_batch_action_resolution": {
      "value": "false"
    },
    "actions_container_action_runner_temp": {
      "value": "true"
    },
    "actions_display_helpful_actions_download_errors": {
      "value": "true"
    },
    "actions_runner_allow_artifacts_file": {
      "value": "false"
    },
    "actions_runner_compare_workflow_parser": {
      "value": "false"
    },
    "actions_runner_deprecate_linux_arm32": {
      "value": "true"
    },
    "actions_runner_emit_composite_markers": {
      "value": "true"
    },
    "actions_runner_kill_linux_arm32": {
      "value": "false"
    },
    "actions_runner_node20_removal_date": {
      "value": ""
    },
    "actions_runner_node24_default_date": {
      "value": "June 16th, 2026"
    },
    "actions_self_repository": {
      "value": "true"
    },
    "actions_service_container_command": {
      "value": "true"
    },
    "actions_set_orchestration_id_env_for_actions": {
      "value": "true"
    },
    "actions_skip_retry_complete_job_upon_known_errors": {
      "value": "true"
    },
    "actions_snapshot_preflight_hosted_runner_check": {
      "value": "false"
    },
    "actions_snapshot_preflight_image_gen_pool_check": {
      "value": "false"
    },
    "actions_use_bearer_token_for_codeload": {
      "value": "false"
    },
    "actions_uses_cache_service_v2": {
      "value": "true"
    },
    "github_token": {
      "value": "***",
      "isSecret": true
    },
    "system.from_run_service": {
      "value": "true"
    },
    "system.github.job": {
      "value": "test-runner"
    },
    "system.github.launch_endpoint": {
      "value": "https://launch.actions.githubusercontent.com"
    },
    "system.github.results_endpoint": {
      "value": "https://results-receiver.actions.githubusercontent.com/"
    },
    "system.github.results_upload_with_sdk": {
      "value": "true"
    },
    "system.github.token": {
      "value": "***",
      "isSecret": true
    },
    "system.github.token.permissions": {
      "value": "{\"Contents\":\"read\",\"Metadata\":\"read\",\"Packages\":\"read\"}"
    },
    "system.orchestrationId": {
      "value": "b001a0b2-16fe-4fc1-aade-4805e923b8de.test-runner.__default"
    },
    "system.phaseDisplayName": {
      "value": "test-runner"
    },
    "system.runner.lowdiskspacethreshold": {
      "value": "100"
    },
    "system.runnerEnvironment": {
      "value": "self-hosted"
    },
    "system.runnerGroupName": {
      "value": "Default"
    }
  },
  "messageType": "RunnerJobRequest",
  "plan": {
    "scopeIdentifier": "00000000-0000-0000-0000-000000000000",
    "planType": "actions",
    "version": 0,
    "planId": "b001a0b2-16fe-4fc1-aade-4805e923b8de",
    "planGroup": null,
    "artifactUri": null,
    "artifactLocation": null,
    "definition": null,
    "owner": null
  },
  "timeline": {
    "id": "b001a0b2-16fe-4fc1-aade-4805e923b8de",
    "changeId": 0,
    "location": null
  },
  "jobId": "c3bfa023-0395-5d1e-b307-a2de08525c56",
  "jobDisplayName": "test-runner",
  "jobName": "__default",
  "requestId": 0,
  "lockedUntil": "0001-01-01T00:00:00",
  "resources": {
    "endpoints": [
      {
        "data": {
          "ServerId": "",
          "ServerName": "",
          "CacheServerUrl": "https://artifactcache.actions.githubusercontent.com/rELeU2sphfas8FzBe7LAafPc8yHfvrFSDCsp0gwkRY8HUooZ4G/",
          "FeedStreamUrl": "wss://results-receiver.actions.githubusercontent.com/_ws/ingest.sock",
          "ResultsServiceUrl": "https://results-receiver.actions.githubusercontent.com/",
          "PipelinesServiceUrl": "https://pipelinesghubeus4.actions.githubusercontent.com/rELeU2sphfas8FzBe7LAafPc8yHfvrFSDCsp0gwkRY8HUooZ4G/",
          "GenerateIdTokenUrl": "",
          "ConnectivityChecks": "[\"https://broker.actions.githubusercontent.com/health\",\"https://token.actions.githubusercontent.com/ready\",\"https://run.actions.githubusercontent.com/health\"]",
          "ConnectivityAndDNSChecks": ""
        },
        "name": "SystemVssConnection",
        "url": "https://run-actions-1-azure-eastus.actions.githubusercontent.com/174/",
        "authorization": {
          "parameters": {
            "AccessToken": "***"
          },
          "scheme": "OAuth"
        },
        "isShared": false,
        "isReady": true
      }
    ]
  },
  "contextData": {
    "github": {
      "t": 2,
      "d": [
        {
          "k": "ref",
          "v": "refs/heads/main"
        },
        {
          "k": "sha",
          "v": "9b1d12889d930553acbd1cf98b60ae4bd967aa1f"
        },
        {
          "k": "repository",
          "v": "manjuaws1204/observability-platform"
        },
        {
          "k": "repository_owner",
          "v": "manjuaws1204"
        },
        {
          "k": "repository_owner_id",
          "v": "286939069"
        },
        {
          "k": "repositoryUrl",
          "v": "git://github.com/manjuaws1204/observability-platform.git"
        },
        {
          "k": "run_id",
          "v": "30706501895"
        },
        {
          "k": "run_number",
          "v": "2"
        },
        {
          "k": "retention_days",
          "v": "90"
        },
        {
          "k": "run_attempt",
          "v": "1"
        },
        {
          "k": "artifact_cache_size_limit",
          "v": "10"
        },
        {
          "k": "repository_visibility",
          "v": "public"
        },
        {
          "k": "actor_id",
          "v": "286939069"
        },
        {
          "k": "actor",
          "v": "manjuaws1204"
        },
        {
          "k": "workflow",
          "v": "Observability CI/CD"
        },
        {
          "k": "head_ref",
          "v": ""
        },
        {
          "k": "base_ref",
          "v": ""
        },
        {
          "k": "event_name",
          "v": "push"
        },
        {
          "k": "server_url",
          "v": "https://github.com"
        },
        {
          "k": "api_url",
          "v": "https://api.github.com"
        },
        {
          "k": "graphql_url",
          "v": "https://api.github.com/graphql"
        },
        {
          "k": "ref_name",
          "v": "main"
        },
        {
          "k": "ref_protected",
          "v": false
        },
        {
          "k": "ref_type",
          "v": "branch"
        },
        {
          "k": "secret_source",
          "v": "Actions"
        },
        {
          "k": "event",
          "v": {
            "t": 2,
            "d": [
              {
                "k": "after",
                "v": "9b1d12889d930553acbd1cf98b60ae4bd967aa1f"
              },
              {
                "k": "base_ref",
                "v": null
              },
              {
                "k": "before",
                "v": "96172902e348ae39616385337f87e90fa0e4e46d"
              },
              {
                "k": "commits",
                "v": {
                  "t": 1,
                  "a": [
                    {
                      "t": 2,
                      "d": [
                        {
                          "k": "author",
                          "v": {
                            "t": 2,
                            "d": [
                              {
                                "k": "email",
                                "v": "manjuaws1204@gmail.com"
                              },
                              {
                                "k": "name",
                                "v": "Manjunatha Gowda V"
                              },
                              {
                                "k": "username",
                                "v": "manjuaws1204"
                              }
                            ]
                          }
                        },
                        {
                          "k": "committer",
                          "v": {
                            "t": 2,
                            "d": [
                              {
                                "k": "email",
                                "v": "manjuaws1204@gmail.com"
                              },
                              {
                                "k": "name",
                                "v": "Manjunatha Gowda V"
                              },
                              {
                                "k": "username",
                                "v": "manjuaws1204"
                              }
                            ]
                          }
                        },
                        {
                          "k": "distinct",
                          "v": true
                        },
                        {
                          "k": "id",
                          "v": "9b1d12889d930553acbd1cf98b60ae4bd967aa1f"
                        },
                        {
                          "k": "message",
                          "v": "Test"
                        },
                        {
                          "k": "timestamp",
                          "v": "2026-08-01T21:11:04+05:30"
                        },
                        {
                          "k": "tree_id",
                          "v": "8b01477bb7243762c7ae6a4eb755007e09c54457"
                        },
                        {
                          "k": "url",
                          "v": "https://github.com/manjuaws1204/observability-platform/commit/9b1d12889d930553acbd1cf98b60ae4bd967aa1f"
                        }
                      ]
                    }
                  ]
                }
              },
              {
                "k": "compare",
                "v": "https://github.com/manjuaws1204/observability-platform/compare/96172902e348...9b1d12889d93"
              },
              {
                "k": "created",
                "v": false
              },
              {
                "k": "deleted",
                "v": false
              },
              {
                "k": "forced",
                "v": false
              },
              {
                "k": "head_commit",
                "v": {
                  "t": 2,
                  "d": [
                    {
                      "k": "author",
                      "v": {
                        "t": 2,
                        "d": [
                          {
                            "k": "email",
                            "v": "manjuaws1204@gmail.com"
                          },
                          {
                            "k": "name",
                            "v": "Manjunatha Gowda V"
                          },
                          {
                            "k": "username",
                            "v": "manjuaws1204"
                          }
                        ]
                      }
                    },
                    {
                      "k": "committer",
                      "v": {
                        "t": 2,
                        "d": [
                          {
                            "k": "email",
                            "v": "manjuaws1204@gmail.com"
                          },
                          {
                            "k": "name",
                            "v": "Manjunatha Gowda V"
                          },
                          {
                            "k": "username",
                            "v": "manjuaws1204"
                          }
                        ]
                      }
                    },
                    {
                      "k": "distinct",
                      "v": true
                    },
                    {
                      "k": "id",
                      "v": "9b1d12889d930553acbd1cf98b60ae4bd967aa1f"
                    },
                    {
                      "k": "message",
                      "v": "Test"
                    },
                    {
                      "k": "timestamp",
                      "v": "2026-08-01T21:11:04+05:30"
                    },
                    {
                      "k": "tree_id",
                      "v": "8b01477bb7243762c7ae6a4eb755007e09c54457"
                    },
                    {
                      "k": "url",
                      "v": "https://github.com/manjuaws1204/observability-platform/commit/9b1d12889d930553acbd1cf98b60ae4bd967aa1f"
                    }
                  ]
                }
              },
              {
                "k": "pusher",
                "v": {
                  "t": 2,
                  "d": [
                    {
                      "k": "email",
                      "v": "manjuaws1204@gmail.com"
                    },
                    {
                      "k": "name",
                      "v": "manjuaws1204"
                    }
                  ]
                }
              },
              {
                "k": "ref",
                "v": "refs/heads/main"
              },
              {
                "k": "repository",
                "v": {
                  "t": 2,
                  "d": [
                    {
                      "k": "allow_forking",
                      "v": true
                    },
                    {
                      "k": "archive_url",
                      "v": "https://api.github.com/repos/manjuaws1204/observability-platform/{archive_format}{/ref}"
                    },
                    {
                      "k": "archived",
                      "v": false
                    },
                    {
                      "k": "assignees_url",
                      "v": "https://api.github.com/repos/manjuaws1204/observability-platform/assignees{/user}"
                    },
                    {
                      "k": "blobs_url",
                      "v": "https://api.github.com/repos/manjuaws1204/observability-platform/git/blobs{/sha}"
                    },
                    {
                      "k": "branches_url",
                      "v": "https://api.github.com/repos/manjuaws1204/observability-platform/branches{/branch}"
                    },
                    {
                      "k": "clone_url",
                      "v": "https://github.com/manjuaws1204/observability-platform.git"
                    },
                    {
                      "k": "collaborators_url",
                      "v": "https://api.github.com/repos/manjuaws1204/observability-platform/collaborators{/collaborator}"
                    },
                    {
                      "k": "comments_url",
                      "v": "https://api.github.com/repos/manjuaws1204/observability-platform/comments{/number}"
                    },
                    {
                      "k": "commits_url",
                      "v": "https://api.github.com/repos/manjuaws1204/observability-platform/commits{/sha}"
                    },
                    {
                      "k": "compare_url",
                      "v": "https://api.github.com/repos/manjuaws1204/observability-platform/compare/{base}...{head}"
                    },
                    {
                      "k": "contents_url",
                      "v": "https://api.github.com/repos/manjuaws1204/observability-platform/contents/{+path}"
                    },
                    {
                      "k": "contributors_url",
                      "v": "https://api.github.com/repos/manjuaws1204/observability-platform/contributors"
                    },
                    {
                      "k": "created_at",
                      "v": 1785596198.0
                    },
                    {
                      "k": "default_branch",
                      "v": "main"
                    },
                    {
                      "k": "deployments_url",
                      "v": "https://api.github.com/repos/manjuaws1204/observability-platform/deployments"
                    },
                    {
                      "k": "description",
                      "v": null
                    },
                    {
                      "k": "disabled",
                      "v": false
                    },
                    {
                      "k": "downloads_url",
                      "v": "https://api.github.com/repos/manjuaws1204/observability-platform/downloads"
                    },
                    {
                      "k": "events_url",
                      "v": "https://api.github.com/repos/manjuaws1204/observability-platform/events"
                    },
                    {
                      "k": "fork",
                      "v": false
                    },
                    {
                      "k": "forks",
                      "v": 0.0
                    },
                    {
                      "k": "forks_count",
                      "v": 0.0
                    },
                    {
                      "k": "forks_url",
                      "v": "https://api.github.com/repos/manjuaws1204/observability-platform/forks"
                    },
                    {
                      "k": "full_name",
                      "v": "manjuaws1204/observability-platform"
                    },
                    {
                      "k": "git_commits_url",
                      "v": "https://api.github.com/repos/manjuaws1204/observability-platform/git/commits{/sha}"
                    },
                    {
                      "k": "git_refs_url",
                      "v": "https://api.github.com/repos/manjuaws1204/observability-platform/git/refs{/sha}"
                    },
                    {
                      "k": "git_tags_url",
                      "v": "https://api.github.com/repos/manjuaws1204/observability-platform/git/tags{/sha}"
                    },
                    {
                      "k": "git_url",
                      "v": "git://github.com/manjuaws1204/observability-platform.git"
                    },
                    {
                      "k": "has_discussions",
                      "v": false
                    },
                    {
                      "k": "has_downloads",
                      "v": true
                    },
                    {
                      "k": "has_issues",
                      "v": true
                    },
                    {
                      "k": "has_pages",
                      "v": false
                    },
                    {
                      "k": "has_projects",
                      "v": true
                    },
                    {
                      "k": "has_pull_requests",
                      "v": true
                    },
                    {
                      "k": "has_wiki",
                      "v": true
                    },
                    {
                      "k": "homepage",
                      "v": null
                    },
                    {
                      "k": "hooks_url",
                      "v": "https://api.github.com/repos/manjuaws1204/observability-platform/hooks"
                    },
                    {
                      "k": "html_url",
                      "v": "https://github.com/manjuaws1204/observability-platform"
                    },
                    {
                      "k": "id",
                      "v": 1319379904.0
                    },
                    {
                      "k": "is_template",
                      "v": false
                    },
                    {
                      "k": "issue_comment_url",
                      "v": "https://api.github.com/repos/manjuaws1204/observability-platform/issues/comments{/number}"
                    },
                    {
                      "k": "issue_events_url",
                      "v": "https://api.github.com/repos/manjuaws1204/observability-platform/issues/events{/number}"
                    },
                    {
                      "k": "issues_url",
                      "v": "https://api.github.com/repos/manjuaws1204/observability-platform/issues{/number}"
                    },
                    {
                      "k": "keys_url",
                      "v": "https://api.github.com/repos/manjuaws1204/observability-platform/keys{/key_id}"
                    },
                    {
                      "k": "labels_url",
                      "v": "https://api.github.com/repos/manjuaws1204/observability-platform/labels{/name}"
                    },
                    {
                      "k": "language",
                      "v": null
                    },
                    {
                      "k": "languages_url",
                      "v": "https://api.github.com/repos/manjuaws1204/observability-platform/languages"
                    },
                    {
                      "k": "license",
                      "v": null
                    },
                    {
                      "k": "master_branch",
                      "v": "main"
                    },
                    {
                      "k": "merges_url",
                      "v": "https://api.github.com/repos/manjuaws1204/observability-platform/merges"
                    },
                    {
                      "k": "milestones_url",
                      "v": "https://api.github.com/repos/manjuaws1204/observability-platform/milestones{/number}"
                    },
                    {
                      "k": "mirror_url",
                      "v": null
                    },
                    {
                      "k": "name",
                      "v": "observability-platform"
                    },
                    {
                      "k": "node_id",
                      "v": "R_kgDOTqQjwA"
                    },
                    {
                      "k": "notifications_url",
                      "v": "https://api.github.com/repos/manjuaws1204/observability-platform/notifications{?since,all,participating}"
                    },
                    {
                      "k": "open_issues",
                      "v": 0.0
                    },
                    {
                      "k": "open_issues_count",
                      "v": 0.0
                    },
                    {
                      "k": "owner",
                      "v": {
                        "t": 2,
                        "d": [
                          {
                            "k": "avatar_url",
                            "v": "https://avatars.githubusercontent.com/u/286939069?v=4"
                          },
                          {
                            "k": "email",
                            "v": "manjuaws1204@gmail.com"
                          },
                          {
                            "k": "events_url",
                            "v": "https://api.github.com/users/manjuaws1204/events{/privacy}"
                          },
                          {
                            "k": "followers_url",
                            "v": "https://api.github.com/users/manjuaws1204/followers"
                          },
                          {
                            "k": "following_url",
                            "v": "https://api.github.com/users/manjuaws1204/following{/other_user}"
                          },
                          {
                            "k": "gists_url",
                            "v": "https://api.github.com/users/manjuaws1204/gists{/gist_id}"
                          },
                          {
                            "k": "gravatar_id",
                            "v": ""
                          },
                          {
                            "k": "html_url",
                            "v": "https://github.com/manjuaws1204"
                          },
                          {
                            "k": "id",
                            "v": 286939069.0
                          },
                          {
                            "k": "login",
                            "v": "manjuaws1204"
                          },
                          {
                            "k": "name",
                            "v": "manjuaws1204"
                          },
                          {
                            "k": "node_id",
                            "v": "U_kgDOERpXvQ"
                          },
                          {
                            "k": "organizations_url",
                            "v": "https://api.github.com/users/manjuaws1204/orgs"
                          },
                          {
                            "k": "received_events_url",
                            "v": "https://api.github.com/users/manjuaws1204/received_events"
                          },
                          {
                            "k": "repos_url",
                            "v": "https://api.github.com/users/manjuaws1204/repos"
                          },
                          {
                            "k": "site_admin",
                            "v": false
                          },
                          {
                            "k": "starred_url",
                            "v": "https://api.github.com/users/manjuaws1204/starred{/owner}{/repo}"
                          },
                          {
                            "k": "subscriptions_url",
                            "v": "https://api.github.com/users/manjuaws1204/subscriptions"
                          },
                          {
                            "k": "type",
                            "v": "User"
                          },
                          {
                            "k": "url",
                            "v": "https://api.github.com/users/manjuaws1204"
                          },
                          {
                            "k": "user_view_type",
                            "v": "public"
                          }
                        ]
                      }
                    },
                    {
                      "k": "private",
                      "v": false
                    },
                    {
                      "k": "pull_request_creation_policy",
                      "v": "all"
                    },
                    {
                      "k": "pulls_url",
                      "v": "https://api.github.com/repos/manjuaws1204/observability-platform/pulls{/number}"
                    },
                    {
                      "k": "pushed_at",
                      "v": 1785598937.0
                    },
                    {
                      "k": "releases_url",
                      "v": "https://api.github.com/repos/manjuaws1204/observability-platform/releases{/id}"
                    },
                    {
                      "k": "size",
                      "v": 0.0
                    },
                    {
                      "k": "ssh_url",
                      "v": "git@github.com:manjuaws1204/observability-platform.git"
                    },
                    {
                      "k": "stargazers",
                      "v": 0.0
                    },
                    {
                      "k": "stargazers_count",
                      "v": 0.0
                    },
                    {
                      "k": "stargazers_url",
                      "v": "https://api.github.com/repos/manjuaws1204/observability-platform/stargazers"
                    },
                    {
                      "k": "statuses_url",
                      "v": "https://api.github.com/repos/manjuaws1204/observability-platform/statuses/{sha}"
                    },
                    {
                      "k": "subscribers_url",
                      "v": "https://api.github.com/repos/manjuaws1204/observability-platform/subscribers"
                    },
                    {
                      "k": "subscription_url",
                      "v": "https://api.github.com/repos/manjuaws1204/observability-platform/subscription"
                    },
                    {
                      "k": "svn_url",
                      "v": "https://github.com/manjuaws1204/observability-platform"
                    },
                    {
                      "k": "tags_url",
                      "v": "https://api.github.com/repos/manjuaws1204/observability-platform/tags"
                    },
                    {
                      "k": "teams_url",
                      "v": "https://api.github.com/repos/manjuaws1204/observability-platform/teams"
                    },
                    {
                      "k": "topics",
                      "v": {
                        "t": 1
                      }
                    },
                    {
                      "k": "trees_url",
                      "v": "https://api.github.com/repos/manjuaws1204/observability-platform/git/trees{/sha}"
                    },
                    {
                      "k": "updated_at",
                      "v": "2026-08-01T15:21:24Z"
                    },
                    {
                      "k": "url",
                      "v": "https://api.github.com/repos/manjuaws1204/observability-platform"
                    },
                    {
                      "k": "visibility",
                      "v": "public"
                    },
                    {
                      "k": "watchers",
                      "v": 0.0
                    },
                    {
                      "k": "watchers_count",
                      "v": 0.0
                    },
                    {
                      "k": "web_commit_signoff_required",
                      "v": false
                    }
                  ]
                }
              },
              {
                "k": "sender",
                "v": {
                  "t": 2,
                  "d": [
                    {
                      "k": "avatar_url",
                      "v": "https://avatars.githubusercontent.com/u/286939069?v=4"
                    },
                    {
                      "k": "events_url",
                      "v": "https://api.github.com/users/manjuaws1204/events{/privacy}"
                    },
                    {
                      "k": "followers_url",
                      "v": "https://api.github.com/users/manjuaws1204/followers"
                    },
                    {
                      "k": "following_url",
                      "v": "https://api.github.com/users/manjuaws1204/following{/other_user}"
                    },
                    {
                      "k": "gists_url",
                      "v": "https://api.github.com/users/manjuaws1204/gists{/gist_id}"
                    },
                    {
                      "k": "gravatar_id",
                      "v": ""
                    },
                    {
                      "k": "html_url",
                      "v": "https://github.com/manjuaws1204"
                    },
                    {
                      "k": "id",
                      "v": 286939069.0
                    },
                    {
                      "k": "login",
                      "v": "manjuaws1204"
                    },
                    {
                      "k": "node_id",
                      "v": "U_kgDOERpXvQ"
                    },
                    {
                      "k": "organizations_url",
                      "v": "https://api.github.com/users/manjuaws1204/orgs"
                    },
                    {
                      "k": "received_events_url",
                      "v": "https://api.github.com/users/manjuaws1204/received_events"
                    },
                    {
                      "k": "repos_url",
                      "v": "https://api.github.com/users/manjuaws1204/repos"
                    },
                    {
                      "k": "site_admin",
                      "v": false
                    },
                    {
                      "k": "starred_url",
                      "v": "https://api.github.com/users/manjuaws1204/starred{/owner}{/repo}"
                    },
                    {
                      "k": "subscriptions_url",
                      "v": "https://api.github.com/users/manjuaws1204/subscriptions"
                    },
                    {
                      "k": "type",
                      "v": "User"
                    },
                    {
                      "k": "url",
                      "v": "https://api.github.com/users/manjuaws1204"
                    },
                    {
                      "k": "user_view_type",
                      "v": "public"
                    }
                  ]
                }
              }
            ]
          }
        },
        {
          "k": "workflow_ref",
          "v": "manjuaws1204/observability-platform/.github/workflows/deploy.yaml@refs/heads/main"
        },
        {
          "k": "workflow_sha",
          "v": "9b1d12889d930553acbd1cf98b60ae4bd967aa1f"
        },
        {
          "k": "repository_id",
          "v": "1319379904"
        },
        {
          "k": "triggering_actor",
          "v": "manjuaws1204"
        }
      ]
    },
    "inputs": {
      "t": 2
    },
    "job": {
      "t": 2,
      "d": [
        {
          "k": "check_run_id",
          "v": 91386435632.0
        },
        {
          "k": "workflow_ref",
          "v": "manjuaws1204/observability-platform/.github/workflows/deploy.yaml@refs/heads/main"
        },
        {
          "k": "workflow_sha",
          "v": "9b1d12889d930553acbd1cf98b60ae4bd967aa1f"
        },
        {
          "k": "workflow_repository",
          "v": "manjuaws1204/observability-platform"
        },
        {
          "k": "workflow_file_path",
          "v": ".github/workflows/deploy.yaml"
        }
      ]
    },
    "matrix": null,
    "needs": {
      "t": 2
    },
    "strategy": {
      "t": 2,
      "d": [
        {
          "k": "fail-fast",
          "v": true
        },
        {
          "k": "job-index",
          "v": 0.0
        },
        {
          "k": "job-total",
          "v": 1.0
        },
        {
          "k": "max-parallel",
          "v": 1.0
        }
      ]
    },
    "vars": {
      "t": 2
    }
  },
  "billingOwnerId": "U_kgDOERpXvQ"
}
[2026-08-01 15:42:27Z INFO JobRunner] Job ID c3bfa023-0395-5d1e-b307-a2de08525c56
[2026-08-01 15:42:27Z INFO ConfigurationStore] currentAssemblyLocation: E:\Interview\observability-platform\actions-runner\bin\Runner.Worker.dll
[2026-08-01 15:42:27Z INFO HostContext] Well known directory 'Bin': 'E:\Interview\observability-platform\actions-runner\bin'
[2026-08-01 15:42:27Z INFO ConfigurationStore] binPath: E:\Interview\observability-platform\actions-runner\bin
[2026-08-01 15:42:27Z INFO HostContext] Well known directory 'Bin': 'E:\Interview\observability-platform\actions-runner\bin'
[2026-08-01 15:42:27Z INFO HostContext] Well known directory 'Root': 'E:\Interview\observability-platform\actions-runner'
[2026-08-01 15:42:27Z INFO ConfigurationStore] RootFolder: E:\Interview\observability-platform\actions-runner
[2026-08-01 15:42:27Z INFO HostContext] Well known directory 'Bin': 'E:\Interview\observability-platform\actions-runner\bin'
[2026-08-01 15:42:27Z INFO HostContext] Well known directory 'Root': 'E:\Interview\observability-platform\actions-runner'
[2026-08-01 15:42:27Z INFO HostContext] Well known config file 'Runner': 'E:\Interview\observability-platform\actions-runner\.runner'
[2026-08-01 15:42:27Z INFO ConfigurationStore] ConfigFilePath: E:\Interview\observability-platform\actions-runner\.runner
[2026-08-01 15:42:27Z INFO HostContext] Well known directory 'Bin': 'E:\Interview\observability-platform\actions-runner\bin'
[2026-08-01 15:42:27Z INFO HostContext] Well known directory 'Root': 'E:\Interview\observability-platform\actions-runner'
[2026-08-01 15:42:27Z INFO HostContext] Well known config file 'MigratedRunner': 'E:\Interview\observability-platform\actions-runner\.runner_migrated'
[2026-08-01 15:42:27Z INFO ConfigurationStore] MigratedConfigFilePath: E:\Interview\observability-platform\actions-runner\.runner_migrated
[2026-08-01 15:42:27Z INFO HostContext] Well known directory 'Bin': 'E:\Interview\observability-platform\actions-runner\bin'
[2026-08-01 15:42:27Z INFO HostContext] Well known directory 'Root': 'E:\Interview\observability-platform\actions-runner'
[2026-08-01 15:42:27Z INFO HostContext] Well known config file 'Credentials': 'E:\Interview\observability-platform\actions-runner\.credentials'
[2026-08-01 15:42:27Z INFO ConfigurationStore] CredFilePath: E:\Interview\observability-platform\actions-runner\.credentials
[2026-08-01 15:42:27Z INFO HostContext] Well known directory 'Bin': 'E:\Interview\observability-platform\actions-runner\bin'
[2026-08-01 15:42:27Z INFO HostContext] Well known directory 'Root': 'E:\Interview\observability-platform\actions-runner'
[2026-08-01 15:42:27Z INFO HostContext] Well known config file 'MigratedCredentials': 'E:\Interview\observability-platform\actions-runner\.credentials_migrated'
[2026-08-01 15:42:27Z INFO ConfigurationStore] MigratedCredFilePath: E:\Interview\observability-platform\actions-runner\.credentials_migrated
[2026-08-01 15:42:27Z INFO HostContext] Well known directory 'Bin': 'E:\Interview\observability-platform\actions-runner\bin'
[2026-08-01 15:42:27Z INFO HostContext] Well known directory 'Root': 'E:\Interview\observability-platform\actions-runner'
[2026-08-01 15:42:27Z INFO HostContext] Well known config file 'Service': 'E:\Interview\observability-platform\actions-runner\.service'
[2026-08-01 15:42:27Z INFO ConfigurationStore] ServiceConfigFilePath: E:\Interview\observability-platform\actions-runner\.service
[2026-08-01 15:42:27Z INFO ConfigurationStore] Read setting file: 403 chars
[2026-08-01 15:42:28Z INFO JobRunner] Initializing launch client
[2026-08-01 15:42:28Z INFO JobServerQueue] Initializing results client
[2026-08-01 15:42:28Z INFO ResultServer] Creating websocket client ...wss://results-receiver.actions.githubusercontent.com/_ws/ingest.sock
[2026-08-01 15:42:28Z INFO ResultServer] Attempting to start websocket client with delay 00:00:00.
[2026-08-01 15:42:28Z INFO JobServerQueue] Start process web console line queue.
[2026-08-01 15:42:28Z INFO JobServerQueue] Start process file upload queue.
[2026-08-01 15:42:28Z INFO JobServerQueue] Start results file upload queue.
[2026-08-01 15:42:28Z INFO JobServerQueue] Starting results-based upload queue...
[2026-08-01 15:42:28Z INFO JobServerQueue] Start process timeline update queue.
[2026-08-01 15:42:28Z INFO ExecutionContext] Initializing Job context
[2026-08-01 15:42:28Z INFO ExecutionContext] Initialize GitHub context
[2026-08-01 15:42:28Z INFO ExecutionContext] Initialize Env context
[2026-08-01 15:42:28Z INFO HostContext] Well known directory 'Bin': 'E:\Interview\observability-platform\actions-runner\bin'
[2026-08-01 15:42:28Z INFO HostContext] Well known directory 'Root': 'E:\Interview\observability-platform\actions-runner'
[2026-08-01 15:42:28Z INFO HostContext] Well known directory 'Diag': 'E:\Interview\observability-platform\actions-runner\_diag'
[2026-08-01 15:42:28Z INFO HostContext] Well known directory 'Bin': 'E:\Interview\observability-platform\actions-runner\bin'
[2026-08-01 15:42:28Z INFO HostContext] Well known directory 'Root': 'E:\Interview\observability-platform\actions-runner'
[2026-08-01 15:42:28Z INFO HostContext] Well known directory 'Diag': 'E:\Interview\observability-platform\actions-runner\_diag'
[2026-08-01 15:42:28Z INFO JobRunner] Starting the job execution context.
[2026-08-01 15:42:28Z INFO HostContext] Well known directory 'Bin': 'E:\Interview\observability-platform\actions-runner\bin'
[2026-08-01 15:42:28Z INFO HostContext] Well known directory 'Root': 'E:\Interview\observability-platform\actions-runner'
[2026-08-01 15:42:28Z INFO HostContext] Well known directory 'Work': 'E:\Interview\observability-platform\actions-runner\_work'
[2026-08-01 15:42:28Z INFO JobRunner] Validating directory permissions for: 'E:\Interview\observability-platform\actions-runner\_work'
[2026-08-01 15:42:28Z INFO HostContext] Well known directory 'Bin': 'E:\Interview\observability-platform\actions-runner\bin'
[2026-08-01 15:42:28Z INFO HostContext] Well known directory 'Root': 'E:\Interview\observability-platform\actions-runner'
[2026-08-01 15:42:28Z INFO HostContext] Well known directory 'Work': 'E:\Interview\observability-platform\actions-runner\_work'
[2026-08-01 15:42:28Z INFO HostContext] Well known directory 'Tools': 'E:\Interview\observability-platform\actions-runner\_work\_tool'
[2026-08-01 15:42:28Z INFO HostContext] Well known directory 'Bin': 'E:\Interview\observability-platform\actions-runner\bin'
[2026-08-01 15:42:28Z INFO HostContext] Well known directory 'Root': 'E:\Interview\observability-platform\actions-runner'
[2026-08-01 15:42:28Z INFO HostContext] Well known directory 'Work': 'E:\Interview\observability-platform\actions-runner\_work'
[2026-08-01 15:42:28Z INFO HostContext] Well known directory 'Temp': 'E:\Interview\observability-platform\actions-runner\_work\_temp'
[2026-08-01 15:42:28Z INFO JobRunner] Getting job extension.
[2026-08-01 15:42:28Z INFO JobRunner] Initialize job. Getting all job steps.
[2026-08-01 15:42:28Z INFO HostContext] Well known directory 'Bin': 'E:\Interview\observability-platform\actions-runner\bin'
[2026-08-01 15:42:28Z INFO HostContext] Well known directory 'Root': 'E:\Interview\observability-platform\actions-runner'
[2026-08-01 15:42:28Z INFO HostContext] Well known directory 'Diag': 'E:\Interview\observability-platform\actions-runner\_diag'
[2026-08-01 15:42:28Z INFO HostContext] Well known directory 'Bin': 'E:\Interview\observability-platform\actions-runner\bin'
[2026-08-01 15:42:28Z INFO HostContext] Well known directory 'Root': 'E:\Interview\observability-platform\actions-runner'
[2026-08-01 15:42:28Z INFO HostContext] Well known directory 'Diag': 'E:\Interview\observability-platform\actions-runner\_diag'
[2026-08-01 15:42:28Z INFO HostContext] Well known directory 'Bin': 'E:\Interview\observability-platform\actions-runner\bin'
[2026-08-01 15:42:28Z INFO HostContext] Well known directory 'Root': 'E:\Interview\observability-platform\actions-runner'
[2026-08-01 15:42:28Z INFO HostContext] Well known config file 'Credentials': 'E:\Interview\observability-platform\actions-runner\.credentials'
[2026-08-01 15:42:28Z INFO HostContext] Well known directory 'Bin': 'E:\Interview\observability-platform\actions-runner\bin'
[2026-08-01 15:42:28Z INFO HostContext] Well known directory 'Root': 'E:\Interview\observability-platform\actions-runner'
[2026-08-01 15:42:28Z INFO HostContext] Well known config file 'SetupInfo': 'E:\Interview\observability-platform\actions-runner\.setup_info'
[2026-08-01 15:42:28Z INFO HostContext] Well known directory 'Bin': 'E:\Interview\observability-platform\actions-runner\bin'
[2026-08-01 15:42:28Z INFO HostContext] Well known directory 'Root': 'E:\Interview\observability-platform\actions-runner'
[2026-08-01 15:42:28Z INFO HostContext] Well known directory 'Work': 'E:\Interview\observability-platform\actions-runner\_work'
[2026-08-01 15:42:28Z INFO PipelineDirectoryManager] Loading tracking config if exists: E:\Interview\observability-platform\actions-runner\_work\_PipelineMapping\manjuaws1204/observability-platform\PipelineFolder.json
[2026-08-01 15:42:28Z INFO PipelineDirectoryManager] Creating a new tracking config file.
[2026-08-01 15:42:28Z INFO HostContext] Well known directory 'Bin': 'E:\Interview\observability-platform\actions-runner\bin'
[2026-08-01 15:42:28Z INFO HostContext] Well known directory 'Root': 'E:\Interview\observability-platform\actions-runner'
[2026-08-01 15:42:28Z INFO HostContext] Well known directory 'Work': 'E:\Interview\observability-platform\actions-runner\_work'
[2026-08-01 15:42:28Z INFO PipelineDirectoryManager] Creating pipeline directory.
[2026-08-01 15:42:28Z INFO HostContext] Well known directory 'Bin': 'E:\Interview\observability-platform\actions-runner\bin'
[2026-08-01 15:42:28Z INFO HostContext] Well known directory 'Root': 'E:\Interview\observability-platform\actions-runner'
[2026-08-01 15:42:28Z INFO HostContext] Well known directory 'Work': 'E:\Interview\observability-platform\actions-runner\_work'
[2026-08-01 15:42:28Z INFO PipelineDirectoryManager] Creating workspace directory.
[2026-08-01 15:42:28Z INFO HostContext] Well known directory 'Bin': 'E:\Interview\observability-platform\actions-runner\bin'
[2026-08-01 15:42:28Z INFO HostContext] Well known directory 'Root': 'E:\Interview\observability-platform\actions-runner'
[2026-08-01 15:42:28Z INFO HostContext] Well known directory 'Work': 'E:\Interview\observability-platform\actions-runner\_work'
[2026-08-01 15:42:28Z INFO JobExtension] Downloading actions
[2026-08-01 15:42:28Z INFO HostContext] Well known directory 'Bin': 'E:\Interview\observability-platform\actions-runner\bin'
[2026-08-01 15:42:28Z INFO HostContext] Well known directory 'Root': 'E:\Interview\observability-platform\actions-runner'
[2026-08-01 15:42:28Z INFO HostContext] Well known directory 'Work': 'E:\Interview\observability-platform\actions-runner\_work'
[2026-08-01 15:42:28Z INFO HostContext] Well known directory 'Actions': 'E:\Interview\observability-platform\actions-runner\_work\_actions'
[2026-08-01 15:42:28Z INFO Worker] Listening for cancel message from the channel.
[2026-08-01 15:42:28Z INFO Worker] Waiting for the job to complete or for a cancel message from the channel.
[2026-08-01 15:42:29Z INFO ResultServer] Successfully started websocket client.
[2026-08-01 15:42:29Z INFO JobServerQueue] Try to append 1 batches web console lines for record '599976bf-5dee-45b2-a588-bcb71ae08d67', success rate: 1/1.
[2026-08-01 15:42:29Z INFO HostContext] Well known directory 'Bin': 'E:\Interview\observability-platform\actions-runner\bin'
[2026-08-01 15:42:29Z INFO HostContext] Well known directory 'Root': 'E:\Interview\observability-platform\actions-runner'
[2026-08-01 15:42:29Z INFO HostContext] Well known directory 'Work': 'E:\Interview\observability-platform\actions-runner\_work'
[2026-08-01 15:42:29Z INFO HostContext] Well known directory 'Actions': 'E:\Interview\observability-platform\actions-runner\_work\_actions'
[2026-08-01 15:42:29Z INFO HostContext] Well known directory 'Bin': 'E:\Interview\observability-platform\actions-runner\bin'
[2026-08-01 15:42:29Z INFO HostContext] Well known directory 'Root': 'E:\Interview\observability-platform\actions-runner'
[2026-08-01 15:42:29Z INFO HostContext] Well known directory 'Work': 'E:\Interview\observability-platform\actions-runner\_work'
[2026-08-01 15:42:29Z INFO HostContext] Well known directory 'Actions': 'E:\Interview\observability-platform\actions-runner\_work\_actions'
[2026-08-01 15:42:29Z INFO ActionManager] Save archive 'https://codeload.github.com/actions/checkout/zip/11d5960a326750d5838078e36cf38b85af677262' into E:\Interview\observability-platform\actions-runner\_work\_actions\_temp_b30c0033-b131-4b65-b96c-d6a428c142f4\b7df1ff9-88e7-4887-9c0f-ecfc3abebc1b.zip.
[2026-08-01 15:42:29Z INFO ActionManager] Using Basic token for action archive download.
[2026-08-01 15:42:29Z INFO JobServerQueue] Job timeline record has been updated for the first time.
[2026-08-01 15:42:29Z INFO JobServerQueue] Try to append 1 batches web console lines for record '599976bf-5dee-45b2-a588-bcb71ae08d67', success rate: 1/1.
[2026-08-01 15:42:30Z INFO ActionManager] Request URL: https://codeload.github.com/actions/checkout/zip/11d5960a326750d5838078e36cf38b85af677262 X-GitHub-Request-Id: C63B:3D9FB4:13D14:1FD8B6:6A6E13E5 Http Status: OK
[2026-08-01 15:42:30Z INFO ActionManager] Finished getting action repository.
[2026-08-01 15:42:30Z INFO HostContext] Well known directory 'Bin': 'E:\Interview\observability-platform\actions-runner\bin'
[2026-08-01 15:42:30Z INFO HostContext] Well known directory 'Root': 'E:\Interview\observability-platform\actions-runner'
[2026-08-01 15:42:30Z INFO HostContext] Well known directory 'Work': 'E:\Interview\observability-platform\actions-runner\_work'
[2026-08-01 15:42:30Z INFO HostContext] Well known directory 'Actions': 'E:\Interview\observability-platform\actions-runner\_work\_actions'
[2026-08-01 15:42:30Z INFO ActionManifestManagerLegacy] Load schema file with definitions: [
  "null",
  "boolean",
  "number",
  "string",
  "sequence",
  "mapping",
  "any",
  "action-root",
  "inputs",
  "input",
  "outputs",
  "output-definition",
  "runs",
  "container-runs",
  "container-runs-args",
  "container-runs-env",
  "node-runs",
  "plugin-runs",
  "composite-runs",
  "composite-steps",
  "composite-step",
  "run-step",
  "uses-step",
  "container-runs-context",
  "output-value",
  "input-default-context",
  "non-empty-string",
  "string-steps-context",
  "boolean-steps-context",
  "step-env",
  "step-if",
  "step-with"
]
[2026-08-01 15:42:30Z INFO ActionManifestManager] Load schema file with definitions: [
  "null",
  "boolean",
  "number",
  "string",
  "sequence",
  "mapping",
  "any",
  "action-root",
  "inputs",
  "input",
  "outputs",
  "output-definition",
  "runs",
  "container-runs",
  "container-runs-args",
  "container-runs-env",
  "node-runs",
  "plugin-runs",
  "composite-runs",
  "composite-steps",
  "composite-step",
  "run-step",
  "uses-step",
  "container-runs-context",
  "output-value",
  "input-default-context",
  "non-empty-string",
  "string-steps-context",
  "boolean-steps-context",
  "step-env",
  "step-if",
  "step-with"
]
[2026-08-01 15:42:30Z INFO HostContext] Well known directory 'Bin': 'E:\Interview\observability-platform\actions-runner\bin'
[2026-08-01 15:42:30Z INFO HostContext] Well known directory 'Root': 'E:\Interview\observability-platform\actions-runner'
[2026-08-01 15:42:30Z INFO HostContext] Well known directory 'Work': 'E:\Interview\observability-platform\actions-runner\_work'
[2026-08-01 15:42:30Z INFO HostContext] Well known directory 'Actions': 'E:\Interview\observability-platform\actions-runner\_work\_actions'
[2026-08-01 15:42:30Z INFO ActionManifestManagerLegacy] Loaded action.yml file: {
  "name": "Checkout",
  "description": "Checkout a Git repository at a particular version",
  "inputs": {
    "type": 2,
    "map": [
      {
        "key": {
          "type": 0,
          "file": 2,
          "line": 4,
          "col": 3,
          "lit": "repository"
        },
        "value": {
          "type": 3,
          "file": 2,
          "line": 6,
          "col": 14,
          "expr": "github.repository"
        }
      },
      {
        "key": {
          "type": 0,
          "file": 2,
          "line": 7,
          "col": 3,
          "lit": "ref"
        },
        "value": ""
      },
      {
        "key": {
          "type": 0,
          "file": 2,
          "line": 12,
          "col": 3,
          "lit": "token"
        },
        "value": {
          "type": 3,
          "file": 2,
          "line": 24,
          "col": 14,
          "expr": "github.token"
        }
      },
      {
        "key": {
          "type": 0,
          "file": 2,
          "line": 25,
          "col": 3,
          "lit": "ssh-key"
        },
        "value": ""
      },
      {
        "key": {
          "type": 0,
          "file": 2,
          "line": 37,
          "col": 3,
          "lit": "ssh-known-hosts"
        },
        "value": ""
      },
      {
        "key": {
          "type": 0,
          "file": 2,
          "line": 42,
          "col": 3,
          "lit": "ssh-strict"
        },
        "value": {
          "type": 0,
          "file": 2,
          "line": 47,
          "col": 14,
          "lit": "true"
        }
      },
      {
        "key": {
          "type": 0,
          "file": 2,
          "line": 48,
          "col": 3,
          "lit": "ssh-user"
        },
        "value": {
          "type": 0,
          "file": 2,
          "line": 51,
          "col": 14,
          "lit": "git"
        }
      },
      {
        "key": {
          "type": 0,
          "file": 2,
          "line": 52,
          "col": 3,
          "lit": "persist-credentials"
        },
        "value": {
          "type": 0,
          "file": 2,
          "line": 54,
          "col": 14,
          "lit": "true"
        }
      },
      {
        "key": {
          "type": 0,
          "file": 2,
          "line": 55,
          "col": 3,
          "lit": "path"
        },
        "value": ""
      },
      {
        "key": {
          "type": 0,
          "file": 2,
          "line": 57,
          "col": 3,
          "lit": "clean"
        },
        "value": {
          "type": 0,
          "file": 2,
          "line": 59,
          "col": 14,
          "lit": "true"
        }
      },
      {
        "key": {
          "type": 0,
          "file": 2,
          "line": 60,
          "col": 3,
          "lit": "filter"
        },
        "value": {
          "type": 0,
          "file": 2,
          "line": 64,
          "col": 14,
          "lit": ""
        }
      },
      {
        "key": {
          "type": 0,
          "file": 2,
          "line": 65,
          "col": 3,
          "lit": "sparse-checkout"
        },
        "value": {
          "type": 0,
          "file": 2,
          "line": 69,
          "col": 14,
          "lit": ""
        }
      },
      {
        "key": {
          "type": 0,
          "file": 2,
          "line": 70,
          "col": 3,
          "lit": "sparse-checkout-cone-mode"
        },
        "value": {
          "type": 0,
          "file": 2,
          "line": 73,
          "col": 14,
          "lit": "true"
        }
      },
      {
        "key": {
          "type": 0,
          "file": 2,
          "line": 74,
          "col": 3,
          "lit": "fetch-depth"
        },
        "value": {
          "type": 0,
          "file": 2,
          "line": 76,
          "col": 14,
          "lit": "1"
        }
      },
      {
        "key": {
          "type": 0,
          "file": 2,
          "line": 77,
          "col": 3,
          "lit": "fetch-tags"
        },
        "value": {
          "type": 0,
          "file": 2,
          "line": 79,
          "col": 14,
          "lit": "false"
        }
      },
      {
        "key": {
          "type": 0,
          "file": 2,
          "line": 80,
          "col": 3,
          "lit": "show-progress"
        },
        "value": {
          "type": 0,
          "file": 2,
          "line": 82,
          "col": 14,
          "lit": "true"
        }
      },
      {
        "key": {
          "type": 0,
          "file": 2,
          "line": 83,
          "col": 3,
          "lit": "lfs"
        },
        "value": {
          "type": 0,
          "file": 2,
          "line": 85,
          "col": 14,
          "lit": "false"
        }
      },
      {
        "key": {
          "type": 0,
          "file": 2,
          "line": 86,
          "col": 3,
          "lit": "submodules"
        },
        "value": {
          "type": 0,
          "file": 2,
          "line": 94,
          "col": 14,
          "lit": "false"
        }
      },
      {
        "key": {
          "type": 0,
          "file": 2,
          "line": 95,
          "col": 3,
          "lit": "set-safe-directory"
        },
        "value": {
          "type": 0,
          "file": 2,
          "line": 97,
          "col": 14,
          "lit": "true"
        }
      },
      {
        "key": {
          "type": 0,
          "file": 2,
          "line": 98,
          "col": 3,
          "lit": "github-server-url"
        },
        "value": ""
      },
      {
        "key": {
          "type": 0,
          "file": 2,
          "line": 101,
          "col": 3,
          "lit": "allow-unsafe-pr-checkout"
        },
        "value": {
          "type": 0,
          "file": 2,
          "line": 109,
          "col": 14,
          "lit": "false"
        }
      }
    ]
  },
  "execution": {
    "executionType": "nodeJS",
    "hasPre": false,
    "hasPost": true,
    "script": "dist/index.js",
    "pre": null,
    "post": "dist/index.js",
    "nodeVersion": "node20",
    "cleanupCondition": "always()",
    "initCondition": "always()"
  },
  "deprecated": null
}
[2026-08-01 15:42:30Z INFO ActionManager] Action node.js file: dist/index.js, no more preparation.
[2026-08-01 15:42:30Z INFO HostContext] Well known directory 'Bin': 'E:\Interview\observability-platform\actions-runner\bin'
[2026-08-01 15:42:30Z INFO HostContext] Well known directory 'Root': 'E:\Interview\observability-platform\actions-runner'
[2026-08-01 15:42:30Z INFO HostContext] Well known directory 'Work': 'E:\Interview\observability-platform\actions-runner\_work'
[2026-08-01 15:42:30Z INFO HostContext] Well known directory 'Actions': 'E:\Interview\observability-platform\actions-runner\_work\_actions'
[2026-08-01 15:42:30Z INFO ActionManager] Load action that reference repository from 'E:\Interview\observability-platform\actions-runner\_work\_actions\actions\checkout\v4'
[2026-08-01 15:42:30Z INFO HostContext] Well known directory 'Bin': 'E:\Interview\observability-platform\actions-runner\bin'
[2026-08-01 15:42:30Z INFO HostContext] Well known directory 'Root': 'E:\Interview\observability-platform\actions-runner'
[2026-08-01 15:42:30Z INFO HostContext] Well known directory 'Work': 'E:\Interview\observability-platform\actions-runner\_work'
[2026-08-01 15:42:30Z INFO HostContext] Well known directory 'Actions': 'E:\Interview\observability-platform\actions-runner\_work\_actions'
[2026-08-01 15:42:30Z INFO ActionManifestManagerLegacy] Loaded action.yml file: {
  "name": "Checkout",
  "description": "Checkout a Git repository at a particular version",
  "inputs": {
    "type": 2,
    "map": [
      {
        "key": {
          "type": 0,
          "file": 2,
          "line": 4,
          "col": 3,
          "lit": "repository"
        },
        "value": {
          "type": 3,
          "file": 2,
          "line": 6,
          "col": 14,
          "expr": "github.repository"
        }
      },
      {
        "key": {
          "type": 0,
          "file": 2,
          "line": 7,
          "col": 3,
          "lit": "ref"
        },
        "value": ""
      },
      {
        "key": {
          "type": 0,
          "file": 2,
          "line": 12,
          "col": 3,
          "lit": "token"
        },
        "value": {
          "type": 3,
          "file": 2,
          "line": 24,
          "col": 14,
          "expr": "github.token"
        }
      },
      {
        "key": {
          "type": 0,
          "file": 2,
          "line": 25,
          "col": 3,
          "lit": "ssh-key"
        },
        "value": ""
      },
      {
        "key": {
          "type": 0,
          "file": 2,
          "line": 37,
          "col": 3,
          "lit": "ssh-known-hosts"
        },
        "value": ""
      },
      {
        "key": {
          "type": 0,
          "file": 2,
          "line": 42,
          "col": 3,
          "lit": "ssh-strict"
        },
        "value": {
          "type": 0,
          "file": 2,
          "line": 47,
          "col": 14,
          "lit": "true"
        }
      },
      {
        "key": {
          "type": 0,
          "file": 2,
          "line": 48,
          "col": 3,
          "lit": "ssh-user"
        },
        "value": {
          "type": 0,
          "file": 2,
          "line": 51,
          "col": 14,
          "lit": "git"
        }
      },
      {
        "key": {
          "type": 0,
          "file": 2,
          "line": 52,
          "col": 3,
          "lit": "persist-credentials"
        },
        "value": {
          "type": 0,
          "file": 2,
          "line": 54,
          "col": 14,
          "lit": "true"
        }
      },
      {
        "key": {
          "type": 0,
          "file": 2,
          "line": 55,
          "col": 3,
          "lit": "path"
        },
        "value": ""
      },
      {
        "key": {
          "type": 0,
          "file": 2,
          "line": 57,
          "col": 3,
          "lit": "clean"
        },
        "value": {
          "type": 0,
          "file": 2,
          "line": 59,
          "col": 14,
          "lit": "true"
        }
      },
      {
        "key": {
          "type": 0,
          "file": 2,
          "line": 60,
          "col": 3,
          "lit": "filter"
        },
        "value": {
          "type": 0,
          "file": 2,
          "line": 64,
          "col": 14,
          "lit": ""
        }
      },
      {
        "key": {
          "type": 0,
          "file": 2,
          "line": 65,
          "col": 3,
          "lit": "sparse-checkout"
        },
        "value": {
          "type": 0,
          "file": 2,
          "line": 69,
          "col": 14,
          "lit": ""
        }
      },
      {
        "key": {
          "type": 0,
          "file": 2,
          "line": 70,
          "col": 3,
          "lit": "sparse-checkout-cone-mode"
        },
        "value": {
          "type": 0,
          "file": 2,
          "line": 73,
          "col": 14,
          "lit": "true"
        }
      },
      {
        "key": {
          "type": 0,
          "file": 2,
          "line": 74,
          "col": 3,
          "lit": "fetch-depth"
        },
        "value": {
          "type": 0,
          "file": 2,
          "line": 76,
          "col": 14,
          "lit": "1"
        }
      },
      {
        "key": {
          "type": 0,
          "file": 2,
          "line": 77,
          "col": 3,
          "lit": "fetch-tags"
        },
        "value": {
          "type": 0,
          "file": 2,
          "line": 79,
          "col": 14,
          "lit": "false"
        }
      },
      {
        "key": {
          "type": 0,
          "file": 2,
          "line": 80,
          "col": 3,
          "lit": "show-progress"
        },
        "value": {
          "type": 0,
          "file": 2,
          "line": 82,
          "col": 14,
          "lit": "true"
        }
      },
      {
        "key": {
          "type": 0,
          "file": 2,
          "line": 83,
          "col": 3,
          "lit": "lfs"
        },
        "value": {
          "type": 0,
          "file": 2,
          "line": 85,
          "col": 14,
          "lit": "false"
        }
      },
      {
        "key": {
          "type": 0,
          "file": 2,
          "line": 86,
          "col": 3,
          "lit": "submodules"
        },
        "value": {
          "type": 0,
          "file": 2,
          "line": 94,
          "col": 14,
          "lit": "false"
        }
      },
      {
        "key": {
          "type": 0,
          "file": 2,
          "line": 95,
          "col": 3,
          "lit": "set-safe-directory"
        },
        "value": {
          "type": 0,
          "file": 2,
          "line": 97,
          "col": 14,
          "lit": "true"
        }
      },
      {
        "key": {
          "type": 0,
          "file": 2,
          "line": 98,
          "col": 3,
          "lit": "github-server-url"
        },
        "value": ""
      },
      {
        "key": {
          "type": 0,
          "file": 2,
          "line": 101,
          "col": 3,
          "lit": "allow-unsafe-pr-checkout"
        },
        "value": {
          "type": 0,
          "file": 2,
          "line": 109,
          "col": 14,
          "lit": "false"
        }
      }
    ]
  },
  "execution": {
    "executionType": "nodeJS",
    "hasPre": false,
    "hasPost": true,
    "script": "dist/index.js",
    "pre": null,
    "post": "dist/index.js",
    "nodeVersion": "node20",
    "cleanupCondition": "always()",
    "initCondition": "always()"
  },
  "deprecated": null
}
[2026-08-01 15:42:30Z INFO ActionManager] Action pre node.js file: N/A.
[2026-08-01 15:42:30Z INFO ActionManager] Action node.js file: dist/index.js.
[2026-08-01 15:42:30Z INFO ActionManager] Action post node.js file: dist/index.js.
[2026-08-01 15:42:30Z INFO JobExtension] Adding .
[2026-08-01 15:42:30Z INFO JobExtension] Adding .
[2026-08-01 15:42:30Z INFO HostContext] Well known directory 'Bin': 'E:\Interview\observability-platform\actions-runner\bin'
[2026-08-01 15:42:30Z INFO HostContext] Well known directory 'Root': 'E:\Interview\observability-platform\actions-runner'
[2026-08-01 15:42:30Z INFO HostContext] Well known directory 'Diag': 'E:\Interview\observability-platform\actions-runner\_diag'
[2026-08-01 15:42:30Z INFO HostContext] Well known directory 'Bin': 'E:\Interview\observability-platform\actions-runner\bin'
[2026-08-01 15:42:30Z INFO HostContext] Well known directory 'Root': 'E:\Interview\observability-platform\actions-runner'
[2026-08-01 15:42:30Z INFO HostContext] Well known directory 'Diag': 'E:\Interview\observability-platform\actions-runner\_diag'
[2026-08-01 15:42:30Z INFO HostContext] Well known directory 'Bin': 'E:\Interview\observability-platform\actions-runner\bin'
[2026-08-01 15:42:30Z INFO HostContext] Well known directory 'Root': 'E:\Interview\observability-platform\actions-runner'
[2026-08-01 15:42:30Z INFO HostContext] Well known directory 'Diag': 'E:\Interview\observability-platform\actions-runner\_diag'
[2026-08-01 15:42:30Z INFO HostContext] Well known directory 'Bin': 'E:\Interview\observability-platform\actions-runner\bin'
[2026-08-01 15:42:30Z INFO HostContext] Well known directory 'Root': 'E:\Interview\observability-platform\actions-runner'
[2026-08-01 15:42:30Z INFO HostContext] Well known directory 'Diag': 'E:\Interview\observability-platform\actions-runner\_diag'
[2026-08-01 15:42:30Z INFO JobExtension] Total accessible running process: 242.
[2026-08-01 15:42:30Z INFO HostContext] Well known directory 'Bin': 'E:\Interview\observability-platform\actions-runner\bin'
[2026-08-01 15:42:30Z INFO HostContext] Well known directory 'Root': 'E:\Interview\observability-platform\actions-runner'
[2026-08-01 15:42:30Z INFO HostContext] Well known directory 'Work': 'E:\Interview\observability-platform\actions-runner\_work'
[2026-08-01 15:42:30Z INFO JobExtension] Start checking server connectivity.
[2026-08-01 15:42:30Z INFO JobExtension] Check server connectivity for https://broker.actions.githubusercontent.com/health.
[2026-08-01 15:42:30Z INFO JobExtension] Check server connectivity for https://token.actions.githubusercontent.com/ready.
[2026-08-01 15:42:30Z INFO JobExtension] Check server connectivity for https://run.actions.githubusercontent.com/health.
[2026-08-01 15:42:30Z INFO JobExtension] Start checking service connectivity in background.
[2026-08-01 15:42:30Z INFO ExecutionContext] Publish step telemetry for current step {
  "action": "setup_job",
  "type": "runner",
  "stage": "Pre",
  "stepId": "599976bf-5dee-45b2-a588-bcb71ae08d67",
  "result": "succeeded",
  "errorMessages": [],
  "executionTimeInSeconds": 3,
  "startTime": "2026-08-01T15:42:28.2610436Z",
  "finishTime": "2026-08-01T15:42:30.9639863Z"
}.
[2026-08-01 15:42:30Z INFO JobRunner] Total job steps: 2.
[2026-08-01 15:42:30Z INFO JobRunner] Run all job steps.
[2026-08-01 15:42:30Z INFO DapDebugger] DapDebugger initialized
[2026-08-01 15:42:30Z INFO StepsRunner] Processing step: DisplayName='Run actions/checkout@v4'
[2026-08-01 15:42:30Z INFO StepsRunner] Evaluating: success()
[2026-08-01 15:42:30Z INFO StepsRunner] Result: true
[2026-08-01 15:42:30Z INFO StepsRunner] Starting the step.
[2026-08-01 15:42:31Z INFO HostContext] Well known directory 'Bin': 'E:\Interview\observability-platform\actions-runner\bin'
[2026-08-01 15:42:31Z INFO HostContext] Well known directory 'Root': 'E:\Interview\observability-platform\actions-runner'
[2026-08-01 15:42:31Z INFO HostContext] Well known directory 'Work': 'E:\Interview\observability-platform\actions-runner\_work'
[2026-08-01 15:42:31Z INFO StepsRunner] Which2: 'chcp'
[2026-08-01 15:42:31Z INFO StepsRunner] Location: 'C:\Windows\system32\chcp.COM'
[2026-08-01 15:42:31Z INFO ProcessInvokerWrapper] Starting process:
[2026-08-01 15:42:31Z INFO ProcessInvokerWrapper]   File name: 'C:\Windows\system32\chcp.COM'
[2026-08-01 15:42:31Z INFO ProcessInvokerWrapper]   Arguments: '65001'
[2026-08-01 15:42:31Z INFO ProcessInvokerWrapper]   Working directory: 'E:\Interview\observability-platform\actions-runner\_work'
[2026-08-01 15:42:31Z INFO ProcessInvokerWrapper]   Require exit code zero: 'False'
[2026-08-01 15:42:31Z INFO ProcessInvokerWrapper]   Encoding web name:  ; code page: ''
[2026-08-01 15:42:31Z INFO ProcessInvokerWrapper]   Force kill process on cancellation: 'False'
[2026-08-01 15:42:31Z INFO ProcessInvokerWrapper]   Redirected STDIN: 'False'
[2026-08-01 15:42:31Z INFO ProcessInvokerWrapper]   Persist current code page: 'True'
[2026-08-01 15:42:31Z INFO ProcessInvokerWrapper]   Keep redirected STDIN open: 'False'
[2026-08-01 15:42:31Z INFO ProcessInvokerWrapper]   High priority process: 'False'
[2026-08-01 15:42:31Z INFO JobServerQueue] Try to append 1 batches web console lines for record '599976bf-5dee-45b2-a588-bcb71ae08d67', success rate: 1/1.
[2026-08-01 15:42:31Z INFO ProcessInvokerWrapper] Process started with process id 12420, waiting for process exit.
[2026-08-01 15:42:31Z INFO ProcessInvokerWrapper] STDOUT/STDERR stream read finished.
[2026-08-01 15:42:31Z INFO ProcessInvokerWrapper] STDOUT/STDERR stream read finished.
[2026-08-01 15:42:31Z INFO ProcessInvokerWrapper] Finished process 12420 with exit code 0, and elapsed time 00:00:00.0491340.
[2026-08-01 15:42:31Z INFO StepsRunner] Successfully returned to code page 65001 (UTF8)
[2026-08-01 15:42:31Z INFO HostContext] Well known directory 'Bin': 'E:\Interview\observability-platform\actions-runner\bin'
[2026-08-01 15:42:31Z INFO HostContext] Well known directory 'Root': 'E:\Interview\observability-platform\actions-runner'
[2026-08-01 15:42:31Z INFO HostContext] Well known directory 'Work': 'E:\Interview\observability-platform\actions-runner\_work'
[2026-08-01 15:42:31Z INFO HostContext] Well known directory 'Actions': 'E:\Interview\observability-platform\actions-runner\_work\_actions'
[2026-08-01 15:42:31Z INFO ActionManager] Load action that reference repository from 'E:\Interview\observability-platform\actions-runner\_work\_actions\actions\checkout\v4'
[2026-08-01 15:42:31Z INFO HostContext] Well known directory 'Bin': 'E:\Interview\observability-platform\actions-runner\bin'
[2026-08-01 15:42:31Z INFO HostContext] Well known directory 'Root': 'E:\Interview\observability-platform\actions-runner'
[2026-08-01 15:42:31Z INFO HostContext] Well known directory 'Work': 'E:\Interview\observability-platform\actions-runner\_work'
[2026-08-01 15:42:31Z INFO HostContext] Well known directory 'Actions': 'E:\Interview\observability-platform\actions-runner\_work\_actions'
[2026-08-01 15:42:31Z INFO ActionManifestManagerLegacy] Loaded action.yml file: {
  "name": "Checkout",
  "description": "Checkout a Git repository at a particular version",
  "inputs": {
    "type": 2,
    "map": [
      {
        "key": {
          "type": 0,
          "file": 2,
          "line": 4,
          "col": 3,
          "lit": "repository"
        },
        "value": {
          "type": 3,
          "file": 2,
          "line": 6,
          "col": 14,
          "expr": "github.repository"
        }
      },
      {
        "key": {
          "type": 0,
          "file": 2,
          "line": 7,
          "col": 3,
          "lit": "ref"
        },
        "value": ""
      },
      {
        "key": {
          "type": 0,
          "file": 2,
          "line": 12,
          "col": 3,
          "lit": "token"
        },
        "value": {
          "type": 3,
          "file": 2,
          "line": 24,
          "col": 14,
          "expr": "github.token"
        }
      },
      {
        "key": {
          "type": 0,
          "file": 2,
          "line": 25,
          "col": 3,
          "lit": "ssh-key"
        },
        "value": ""
      },
      {
        "key": {
          "type": 0,
          "file": 2,
          "line": 37,
          "col": 3,
          "lit": "ssh-known-hosts"
        },
        "value": ""
      },
      {
        "key": {
          "type": 0,
          "file": 2,
          "line": 42,
          "col": 3,
          "lit": "ssh-strict"
        },
        "value": {
          "type": 0,
          "file": 2,
          "line": 47,
          "col": 14,
          "lit": "true"
        }
      },
      {
        "key": {
          "type": 0,
          "file": 2,
          "line": 48,
          "col": 3,
          "lit": "ssh-user"
        },
        "value": {
          "type": 0,
          "file": 2,
          "line": 51,
          "col": 14,
          "lit": "git"
        }
      },
      {
        "key": {
          "type": 0,
          "file": 2,
          "line": 52,
          "col": 3,
          "lit": "persist-credentials"
        },
        "value": {
          "type": 0,
          "file": 2,
          "line": 54,
          "col": 14,
          "lit": "true"
        }
      },
      {
        "key": {
          "type": 0,
          "file": 2,
          "line": 55,
          "col": 3,
          "lit": "path"
        },
        "value": ""
      },
      {
        "key": {
          "type": 0,
          "file": 2,
          "line": 57,
          "col": 3,
          "lit": "clean"
        },
        "value": {
          "type": 0,
          "file": 2,
          "line": 59,
          "col": 14,
          "lit": "true"
        }
      },
      {
        "key": {
          "type": 0,
          "file": 2,
          "line": 60,
          "col": 3,
          "lit": "filter"
        },
        "value": {
          "type": 0,
          "file": 2,
          "line": 64,
          "col": 14,
          "lit": ""
        }
      },
      {
        "key": {
          "type": 0,
          "file": 2,
          "line": 65,
          "col": 3,
          "lit": "sparse-checkout"
        },
        "value": {
          "type": 0,
          "file": 2,
          "line": 69,
          "col": 14,
          "lit": ""
        }
      },
      {
        "key": {
          "type": 0,
          "file": 2,
          "line": 70,
          "col": 3,
          "lit": "sparse-checkout-cone-mode"
        },
        "value": {
          "type": 0,
          "file": 2,
          "line": 73,
          "col": 14,
          "lit": "true"
        }
      },
      {
        "key": {
          "type": 0,
          "file": 2,
          "line": 74,
          "col": 3,
          "lit": "fetch-depth"
        },
        "value": {
          "type": 0,
          "file": 2,
          "line": 76,
          "col": 14,
          "lit": "1"
        }
      },
      {
        "key": {
          "type": 0,
          "file": 2,
          "line": 77,
          "col": 3,
          "lit": "fetch-tags"
        },
        "value": {
          "type": 0,
          "file": 2,
          "line": 79,
          "col": 14,
          "lit": "false"
        }
      },
      {
        "key": {
          "type": 0,
          "file": 2,
          "line": 80,
          "col": 3,
          "lit": "show-progress"
        },
        "value": {
          "type": 0,
          "file": 2,
          "line": 82,
          "col": 14,
          "lit": "true"
        }
      },
      {
        "key": {
          "type": 0,
          "file": 2,
          "line": 83,
          "col": 3,
          "lit": "lfs"
        },
        "value": {
          "type": 0,
          "file": 2,
          "line": 85,
          "col": 14,
          "lit": "false"
        }
      },
      {
        "key": {
          "type": 0,
          "file": 2,
          "line": 86,
          "col": 3,
          "lit": "submodules"
        },
        "value": {
          "type": 0,
          "file": 2,
          "line": 94,
          "col": 14,
          "lit": "false"
        }
      },
      {
        "key": {
          "type": 0,
          "file": 2,
          "line": 95,
          "col": 3,
          "lit": "set-safe-directory"
        },
        "value": {
          "type": 0,
          "file": 2,
          "line": 97,
          "col": 14,
          "lit": "true"
        }
      },
      {
        "key": {
          "type": 0,
          "file": 2,
          "line": 98,
          "col": 3,
          "lit": "github-server-url"
        },
        "value": ""
      },
      {
        "key": {
          "type": 0,
          "file": 2,
          "line": 101,
          "col": 3,
          "lit": "allow-unsafe-pr-checkout"
        },
        "value": {
          "type": 0,
          "file": 2,
          "line": 109,
          "col": 14,
          "lit": "false"
        }
      }
    ]
  },
  "execution": {
    "executionType": "nodeJS",
    "hasPre": false,
    "hasPost": true,
    "script": "dist/index.js",
    "pre": null,
    "post": "dist/index.js",
    "nodeVersion": "node20",
    "cleanupCondition": "always()",
    "initCondition": "always()"
  },
  "deprecated": null
}
[2026-08-01 15:42:31Z INFO ActionManager] Action pre node.js file: N/A.
[2026-08-01 15:42:31Z INFO ActionManager] Action node.js file: dist/index.js.
[2026-08-01 15:42:31Z INFO ActionManager] Action post node.js file: dist/index.js.
[2026-08-01 15:42:31Z INFO ExecutionContext] Reserve record order 4 to 6 for post job actions.
[2026-08-01 15:42:31Z INFO HostContext] Well known directory 'Bin': 'E:\Interview\observability-platform\actions-runner\bin'
[2026-08-01 15:42:31Z INFO HostContext] Well known directory 'Root': 'E:\Interview\observability-platform\actions-runner'
[2026-08-01 15:42:31Z INFO HostContext] Well known directory 'Diag': 'E:\Interview\observability-platform\actions-runner\_diag'
[2026-08-01 15:42:31Z INFO HostContext] Well known directory 'Bin': 'E:\Interview\observability-platform\actions-runner\bin'
[2026-08-01 15:42:31Z INFO HostContext] Well known directory 'Root': 'E:\Interview\observability-platform\actions-runner'
[2026-08-01 15:42:31Z INFO HostContext] Well known directory 'Diag': 'E:\Interview\observability-platform\actions-runner\_diag'
[2026-08-01 15:42:31Z INFO HostContext] Well known directory 'Bin': 'E:\Interview\observability-platform\actions-runner\bin'
[2026-08-01 15:42:31Z INFO HostContext] Well known directory 'Root': 'E:\Interview\observability-platform\actions-runner'
[2026-08-01 15:42:31Z INFO HostContext] Well known directory 'Work': 'E:\Interview\observability-platform\actions-runner\_work'
[2026-08-01 15:42:31Z INFO HostContext] Well known directory 'Temp': 'E:\Interview\observability-platform\actions-runner\_work\_temp'
[2026-08-01 15:42:31Z INFO ExecutionContext] Write event payload to E:\Interview\observability-platform\actions-runner\_work\_temp\_github_workflow\event.json
[2026-08-01 15:42:31Z INFO HostContext] Well known directory 'Bin': 'E:\Interview\observability-platform\actions-runner\bin'
[2026-08-01 15:42:31Z INFO HostContext] Well known directory 'Root': 'E:\Interview\observability-platform\actions-runner'
[2026-08-01 15:42:31Z INFO HostContext] Well known directory 'Work': 'E:\Interview\observability-platform\actions-runner\_work'
[2026-08-01 15:42:31Z INFO HostContext] Well known directory 'Temp': 'E:\Interview\observability-platform\actions-runner\_work\_temp'
[2026-08-01 15:42:31Z INFO ExtensionManager] Getting extensions for interface: 'GitHub.Runner.Worker.IFileCommandExtension'
[2026-08-01 15:42:31Z INFO ExtensionManager] Creating instance: GitHub.Runner.Worker.AddPathFileCommand, Runner.Worker
[2026-08-01 15:42:31Z INFO ExtensionManager] Creating instance: GitHub.Runner.Worker.SetEnvFileCommand, Runner.Worker
[2026-08-01 15:42:31Z INFO ExtensionManager] Creating instance: GitHub.Runner.Worker.CreateStepSummaryCommand, Runner.Worker
[2026-08-01 15:42:31Z INFO ExtensionManager] Creating instance: GitHub.Runner.Worker.SaveStateFileCommand, Runner.Worker
[2026-08-01 15:42:31Z INFO ExtensionManager] Creating instance: GitHub.Runner.Worker.SetOutputFileCommand, Runner.Worker
[2026-08-01 15:42:31Z INFO ExtensionManager] Creating instance: GitHub.Runner.Worker.CreateArtifactsFileCommand, Runner.Worker
[2026-08-01 15:42:31Z INFO ExtensionManager] Creating instance: GitHub.Runner.Worker.ArtifactsListFileCommand, Runner.Worker
[2026-08-01 15:42:31Z INFO ActionManifestManagerLegacy] Input 'repository': default value evaluate result: {
  "type": 0,
  "file": 2,
  "line": 6,
  "col": 14,
  "lit": "manjuaws1204/observability-platform"
}
[2026-08-01 15:42:31Z INFO ActionManifestManagerLegacy] Input 'ref': default value evaluate result: ""
[2026-08-01 15:42:31Z INFO ActionManifestManagerLegacy] Input 'token': default value evaluate result: {
  "type": 0,
  "file": 2,
  "line": 24,
  "col": 14,
  "lit": "***"
}
[2026-08-01 15:42:31Z INFO ActionManifestManagerLegacy] Input 'ssh-key': default value evaluate result: ""
[2026-08-01 15:42:31Z INFO ActionManifestManagerLegacy] Input 'ssh-known-hosts': default value evaluate result: ""
[2026-08-01 15:42:31Z INFO ActionManifestManagerLegacy] Input 'ssh-strict': default value evaluate result: {
  "type": 0,
  "file": 2,
  "line": 47,
  "col": 14,
  "lit": "true"
}
[2026-08-01 15:42:31Z INFO ActionManifestManagerLegacy] Input 'ssh-user': default value evaluate result: {
  "type": 0,
  "file": 2,
  "line": 51,
  "col": 14,
  "lit": "git"
}
[2026-08-01 15:42:31Z INFO ActionManifestManagerLegacy] Input 'persist-credentials': default value evaluate result: {
  "type": 0,
  "file": 2,
  "line": 54,
  "col": 14,
  "lit": "true"
}
[2026-08-01 15:42:31Z INFO ActionManifestManagerLegacy] Input 'path': default value evaluate result: ""
[2026-08-01 15:42:31Z INFO ActionManifestManagerLegacy] Input 'clean': default value evaluate result: {
  "type": 0,
  "file": 2,
  "line": 59,
  "col": 14,
  "lit": "true"
}
[2026-08-01 15:42:31Z INFO ActionManifestManagerLegacy] Input 'filter': default value evaluate result: {
  "type": 0,
  "file": 2,
  "line": 64,
  "col": 14,
  "lit": ""
}
[2026-08-01 15:42:31Z INFO ActionManifestManagerLegacy] Input 'sparse-checkout': default value evaluate result: {
  "type": 0,
  "file": 2,
  "line": 69,
  "col": 14,
  "lit": ""
}
[2026-08-01 15:42:31Z INFO ActionManifestManagerLegacy] Input 'sparse-checkout-cone-mode': default value evaluate result: {
  "type": 0,
  "file": 2,
  "line": 73,
  "col": 14,
  "lit": "true"
}
[2026-08-01 15:42:31Z INFO ActionManifestManagerLegacy] Input 'fetch-depth': default value evaluate result: {
  "type": 0,
  "file": 2,
  "line": 76,
  "col": 14,
  "lit": "1"
}
[2026-08-01 15:42:31Z INFO ActionManifestManagerLegacy] Input 'fetch-tags': default value evaluate result: {
  "type": 0,
  "file": 2,
  "line": 79,
  "col": 14,
  "lit": "false"
}
[2026-08-01 15:42:31Z INFO ActionManifestManagerLegacy] Input 'show-progress': default value evaluate result: {
  "type": 0,
  "file": 2,
  "line": 82,
  "col": 14,
  "lit": "true"
}
[2026-08-01 15:42:31Z INFO ActionManifestManagerLegacy] Input 'lfs': default value evaluate result: {
  "type": 0,
  "file": 2,
  "line": 85,
  "col": 14,
  "lit": "false"
}
[2026-08-01 15:42:31Z INFO ActionManifestManagerLegacy] Input 'submodules': default value evaluate result: {
  "type": 0,
  "file": 2,
  "line": 94,
  "col": 14,
  "lit": "false"
}
[2026-08-01 15:42:31Z INFO ActionManifestManagerLegacy] Input 'set-safe-directory': default value evaluate result: {
  "type": 0,
  "file": 2,
  "line": 97,
  "col": 14,
  "lit": "true"
}
[2026-08-01 15:42:31Z INFO ActionManifestManagerLegacy] Input 'github-server-url': default value evaluate result: ""
[2026-08-01 15:42:31Z INFO ActionManifestManagerLegacy] Input 'allow-unsafe-pr-checkout': default value evaluate result: {
  "type": 0,
  "file": 2,
  "line": 109,
  "col": 14,
  "lit": "false"
}
[2026-08-01 15:42:31Z INFO ExtensionManager] Getting extensions for interface: 'GitHub.Runner.Worker.IActionCommandExtension'
[2026-08-01 15:42:31Z INFO ExtensionManager] Creating instance: GitHub.Runner.Worker.InternalPluginSetRepoPathCommandExtension, Runner.Worker
[2026-08-01 15:42:31Z INFO ExtensionManager] Creating instance: GitHub.Runner.Worker.SetEnvCommandExtension, Runner.Worker
[2026-08-01 15:42:31Z INFO ExtensionManager] Creating instance: GitHub.Runner.Worker.SetOutputCommandExtension, Runner.Worker
[2026-08-01 15:42:31Z INFO ExtensionManager] Creating instance: GitHub.Runner.Worker.SaveStateCommandExtension, Runner.Worker
[2026-08-01 15:42:31Z INFO ExtensionManager] Creating instance: GitHub.Runner.Worker.AddPathCommandExtension, Runner.Worker
[2026-08-01 15:42:31Z INFO ExtensionManager] Creating instance: GitHub.Runner.Worker.AddMaskCommandExtension, Runner.Worker
[2026-08-01 15:42:31Z INFO ExtensionManager] Creating instance: GitHub.Runner.Worker.AddMatcherCommandExtension, Runner.Worker
[2026-08-01 15:42:31Z INFO ExtensionManager] Creating instance: GitHub.Runner.Worker.RemoveMatcherCommandExtension, Runner.Worker
[2026-08-01 15:42:31Z INFO ExtensionManager] Creating instance: GitHub.Runner.Worker.WarningCommandExtension, Runner.Worker
[2026-08-01 15:42:31Z INFO ExtensionManager] Creating instance: GitHub.Runner.Worker.ErrorCommandExtension, Runner.Worker
[2026-08-01 15:42:31Z INFO ExtensionManager] Creating instance: GitHub.Runner.Worker.NoticeCommandExtension, Runner.Worker
[2026-08-01 15:42:31Z INFO ExtensionManager] Creating instance: GitHub.Runner.Worker.DebugCommandExtension, Runner.Worker
[2026-08-01 15:42:31Z INFO ExtensionManager] Creating instance: GitHub.Runner.Worker.GroupCommandExtension, Runner.Worker
[2026-08-01 15:42:31Z INFO ExtensionManager] Creating instance: GitHub.Runner.Worker.EndGroupCommandExtension, Runner.Worker
[2026-08-01 15:42:31Z INFO ExtensionManager] Creating instance: GitHub.Runner.Worker.EchoCommandExtension, Runner.Worker
[2026-08-01 15:42:31Z INFO ActionCommandManager] Register action command extension for command internal-set-repo-path
[2026-08-01 15:42:31Z INFO ActionCommandManager] Register action command extension for command set-env
[2026-08-01 15:42:31Z INFO ActionCommandManager] Register action command extension for command set-output
[2026-08-01 15:42:31Z INFO ActionCommandManager] Register action command extension for command save-state
[2026-08-01 15:42:31Z INFO ActionCommandManager] Register action command extension for command add-path
[2026-08-01 15:42:31Z INFO ActionCommandManager] Register action command extension for command add-mask
[2026-08-01 15:42:31Z INFO ActionCommandManager] Register action command extension for command add-matcher
[2026-08-01 15:42:31Z INFO ActionCommandManager] Register action command extension for command remove-matcher
[2026-08-01 15:42:31Z INFO ActionCommandManager] Register action command extension for command warning
[2026-08-01 15:42:31Z INFO ActionCommandManager] Register action command extension for command error
[2026-08-01 15:42:31Z INFO ActionCommandManager] Register action command extension for command notice
[2026-08-01 15:42:31Z INFO ActionCommandManager] Register action command extension for command debug
[2026-08-01 15:42:31Z INFO ActionCommandManager] Register action command extension for command group
[2026-08-01 15:42:31Z INFO ActionCommandManager] Register action command extension for command endgroup
[2026-08-01 15:42:31Z INFO ActionCommandManager] Register action command extension for command echo
[2026-08-01 15:42:31Z INFO HostContext] Well known directory 'Bin': 'E:\Interview\observability-platform\actions-runner\bin'
[2026-08-01 15:42:31Z INFO HostContext] Well known directory 'Root': 'E:\Interview\observability-platform\actions-runner'
[2026-08-01 15:42:31Z INFO HostContext] Well known directory 'Externals': 'E:\Interview\observability-platform\actions-runner\externals'
[2026-08-01 15:42:31Z INFO ProcessInvokerWrapper] Starting process:
[2026-08-01 15:42:31Z INFO ProcessInvokerWrapper]   File name: 'E:\Interview\observability-platform\actions-runner\externals\node24\bin\node.exe'
[2026-08-01 15:42:31Z INFO ProcessInvokerWrapper]   Arguments: '"E:\Interview\observability-platform\actions-runner\_work\_actions\actions\checkout\v4\dist/index.js"'
[2026-08-01 15:42:31Z INFO ProcessInvokerWrapper]   Working directory: 'E:\Interview\observability-platform\actions-runner\_work\observability-platform\observability-platform'
[2026-08-01 15:42:31Z INFO ProcessInvokerWrapper]   Require exit code zero: 'False'
[2026-08-01 15:42:31Z INFO ProcessInvokerWrapper]   Encoding web name: utf-8 ; code page: '65001'
[2026-08-01 15:42:31Z INFO ProcessInvokerWrapper]   Force kill process on cancellation: 'False'
[2026-08-01 15:42:31Z INFO ProcessInvokerWrapper]   Redirected STDIN: 'False'
[2026-08-01 15:42:31Z INFO ProcessInvokerWrapper]   Persist current code page: 'True'
[2026-08-01 15:42:31Z INFO ProcessInvokerWrapper]   Keep redirected STDIN open: 'False'
[2026-08-01 15:42:31Z INFO ProcessInvokerWrapper]   High priority process: 'False'
[2026-08-01 15:42:31Z INFO JobServerQueue] Got a step log file to send to results service.
[2026-08-01 15:42:31Z INFO JobServerQueue] Starting upload of step log file to results service ResultsLog, E:\Interview\observability-platform\actions-runner\_diag\blocks\b001a0b2-16fe-4fc1-aade-4805e923b8de_599976bf-5dee-45b2-a588-bcb71ae08d67.1
[2026-08-01 15:42:31Z INFO JobServerQueue] Try to upload 1 log files or attachments, success rate: 1/1.
[2026-08-01 15:42:31Z INFO JobServerQueue] Try to append 1 batches web console lines for record '60f2e5c8-a6d8-4acc-bc8a-fd140cee8b0c', success rate: 1/1.
[2026-08-01 15:42:33Z INFO JobServerQueue] Tried to upload 1 file(s) to results, success rate: 1/1.
[2026-08-01 15:42:33Z INFO ProcessInvokerWrapper] Process started with process id 11652, waiting for process exit.
[2026-08-01 15:42:33Z INFO JobServerQueue] Try to append 1 batches web console lines for record '60f2e5c8-a6d8-4acc-bc8a-fd140cee8b0c', success rate: 1/1.
[2026-08-01 15:42:33Z INFO AddMaskCommandExtension] Add new secret mask with length of 524
[2026-08-01 15:42:33Z INFO JobServerQueue] Try to append 1 batches web console lines for record '60f2e5c8-a6d8-4acc-bc8a-fd140cee8b0c', success rate: 1/1.
[2026-08-01 15:42:33Z INFO JobServerQueue] Try to append 1 batches web console lines for record '60f2e5c8-a6d8-4acc-bc8a-fd140cee8b0c', success rate: 1/1.
[2026-08-01 15:42:34Z INFO JobServerQueue] Try to append 1 batches web console lines for record '60f2e5c8-a6d8-4acc-bc8a-fd140cee8b0c', success rate: 1/1.
[2026-08-01 15:42:35Z INFO JobServerQueue] Try to append 1 batches web console lines for record '60f2e5c8-a6d8-4acc-bc8a-fd140cee8b0c', success rate: 1/1.
[2026-08-01 15:42:35Z INFO JobServerQueue] Try to append 1 batches web console lines for record '60f2e5c8-a6d8-4acc-bc8a-fd140cee8b0c', success rate: 1/1.
[2026-08-01 15:42:36Z INFO JobServerQueue] Try to append 1 batches web console lines for record '60f2e5c8-a6d8-4acc-bc8a-fd140cee8b0c', success rate: 1/1.
[2026-08-01 15:42:40Z INFO HostContext] Well known directory 'Bin': 'E:\Interview\observability-platform\actions-runner\bin'
[2026-08-01 15:42:40Z INFO HostContext] Well known directory 'Root': 'E:\Interview\observability-platform\actions-runner'
[2026-08-01 15:42:40Z INFO HostContext] Well known directory 'Work': 'E:\Interview\observability-platform\actions-runner\_work'
[2026-08-01 15:42:50Z INFO HostContext] Well known directory 'Bin': 'E:\Interview\observability-platform\actions-runner\bin'
[2026-08-01 15:42:50Z INFO HostContext] Well known directory 'Root': 'E:\Interview\observability-platform\actions-runner'
[2026-08-01 15:42:50Z INFO HostContext] Well known directory 'Work': 'E:\Interview\observability-platform\actions-runner\_work'
[2026-08-01 15:42:56Z INFO JobServerQueue] Try to append 1 batches web console lines for record '60f2e5c8-a6d8-4acc-bc8a-fd140cee8b0c', success rate: 1/1.
[2026-08-01 15:42:57Z INFO JobServerQueue] Try to append 1 batches web console lines for record '60f2e5c8-a6d8-4acc-bc8a-fd140cee8b0c', success rate: 1/1.
[2026-08-01 15:42:58Z INFO JobServerQueue] Try to append 1 batches web console lines for record '60f2e5c8-a6d8-4acc-bc8a-fd140cee8b0c', success rate: 1/1.
[2026-08-01 15:42:58Z INFO JobServerQueue] Try to append 1 batches web console lines for record '60f2e5c8-a6d8-4acc-bc8a-fd140cee8b0c', success rate: 1/1.
[2026-08-01 15:42:58Z INFO JobServerQueue] Try to append 1 batches web console lines for record '60f2e5c8-a6d8-4acc-bc8a-fd140cee8b0c', success rate: 1/1.
[2026-08-01 15:42:59Z INFO JobServerQueue] Try to append 1 batches web console lines for record '60f2e5c8-a6d8-4acc-bc8a-fd140cee8b0c', success rate: 1/1.
[2026-08-01 15:43:00Z INFO JobServerQueue] Try to append 1 batches web console lines for record '60f2e5c8-a6d8-4acc-bc8a-fd140cee8b0c', success rate: 1/1.
[2026-08-01 15:43:00Z INFO JobServerQueue] Try to append 1 batches web console lines for record '60f2e5c8-a6d8-4acc-bc8a-fd140cee8b0c', success rate: 1/1.
[2026-08-01 15:43:00Z INFO HostContext] Well known directory 'Bin': 'E:\Interview\observability-platform\actions-runner\bin'
[2026-08-01 15:43:00Z INFO HostContext] Well known directory 'Root': 'E:\Interview\observability-platform\actions-runner'
[2026-08-01 15:43:00Z INFO HostContext] Well known directory 'Work': 'E:\Interview\observability-platform\actions-runner\_work'
[2026-08-01 15:43:01Z INFO ProcessInvokerWrapper] STDOUT/STDERR stream read finished.
[2026-08-01 15:43:01Z INFO ProcessInvokerWrapper] STDOUT/STDERR stream read finished.
[2026-08-01 15:43:01Z INFO ProcessInvokerWrapper] Finished process 11652 with exit code 0, and elapsed time 00:00:29.9855495.
[2026-08-01 15:43:01Z INFO CreateStepSummaryCommand] Step Summary file (E:\Interview\observability-platform\actions-runner\_work\_temp\_runner_file_commands\step_summary_35c5f876-df48-4380-b8ad-09d0de442e2a) is empty; skipping attachment upload
[2026-08-01 15:43:01Z INFO StepsRunner] Step result: 
[2026-08-01 15:43:01Z INFO ExecutionContext] Publish step telemetry for current step {
  "action": "actions/checkout",
  "ref": "v4",
  "type": "node24",
  "stage": "Main",
  "stepId": "60f2e5c8-a6d8-4acc-bc8a-fd140cee8b0c",
  "stepContextName": "__actions_checkout",
  "hasPreStep": false,
  "hasPostStep": true,
  "result": "succeeded",
  "errorMessages": [],
  "executionTimeInSeconds": 31,
  "startTime": "2026-08-01T15:42:30.9844329Z",
  "finishTime": "2026-08-01T15:43:01.2412513Z"
}.
[2026-08-01 15:43:01Z INFO StepsRunner] No need for updating job result with current step result 'Succeeded'.
[2026-08-01 15:43:01Z INFO StepsRunner] Current state: job state = ''
[2026-08-01 15:43:01Z INFO StepsRunner] Processing step: DisplayName='Runner Information'
[2026-08-01 15:43:01Z INFO StepsRunner] Evaluating: success()
[2026-08-01 15:43:01Z INFO StepsRunner] Result: true
[2026-08-01 15:43:01Z INFO StepsRunner] Starting the step.
[2026-08-01 15:43:01Z INFO HostContext] Well known directory 'Bin': 'E:\Interview\observability-platform\actions-runner\bin'
[2026-08-01 15:43:01Z INFO HostContext] Well known directory 'Root': 'E:\Interview\observability-platform\actions-runner'
[2026-08-01 15:43:01Z INFO HostContext] Well known directory 'Work': 'E:\Interview\observability-platform\actions-runner\_work'
[2026-08-01 15:43:01Z INFO StepsRunner] Which2: 'chcp'
[2026-08-01 15:43:01Z INFO StepsRunner] Location: 'C:\Windows\system32\chcp.COM'
[2026-08-01 15:43:01Z INFO ProcessInvokerWrapper] Starting process:
[2026-08-01 15:43:01Z INFO ProcessInvokerWrapper]   File name: 'C:\Windows\system32\chcp.COM'
[2026-08-01 15:43:01Z INFO ProcessInvokerWrapper]   Arguments: '65001'
[2026-08-01 15:43:01Z INFO ProcessInvokerWrapper]   Working directory: 'E:\Interview\observability-platform\actions-runner\_work'
[2026-08-01 15:43:01Z INFO ProcessInvokerWrapper]   Require exit code zero: 'False'
[2026-08-01 15:43:01Z INFO ProcessInvokerWrapper]   Encoding web name:  ; code page: ''
[2026-08-01 15:43:01Z INFO ProcessInvokerWrapper]   Force kill process on cancellation: 'False'
[2026-08-01 15:43:01Z INFO ProcessInvokerWrapper]   Redirected STDIN: 'False'
[2026-08-01 15:43:01Z INFO ProcessInvokerWrapper]   Persist current code page: 'True'
[2026-08-01 15:43:01Z INFO ProcessInvokerWrapper]   Keep redirected STDIN open: 'False'
[2026-08-01 15:43:01Z INFO ProcessInvokerWrapper]   High priority process: 'False'
[2026-08-01 15:43:01Z INFO ProcessInvokerWrapper] Process started with process id 20284, waiting for process exit.
[2026-08-01 15:43:01Z INFO JobServerQueue] Got a step log file to send to results service.
[2026-08-01 15:43:01Z INFO JobServerQueue] Starting upload of step log file to results service ResultsLog, E:\Interview\observability-platform\actions-runner\_diag\blocks\b001a0b2-16fe-4fc1-aade-4805e923b8de_60f2e5c8-a6d8-4acc-bc8a-fd140cee8b0c.1
[2026-08-01 15:43:01Z INFO ProcessInvokerWrapper] STDOUT/STDERR stream read finished.
[2026-08-01 15:43:01Z INFO ProcessInvokerWrapper] STDOUT/STDERR stream read finished.
[2026-08-01 15:43:01Z INFO ProcessInvokerWrapper] Finished process 20284 with exit code 0, and elapsed time 00:00:00.0191199.
[2026-08-01 15:43:01Z INFO StepsRunner] Successfully returned to code page 65001 (UTF8)
[2026-08-01 15:43:01Z INFO HostContext] Well known directory 'Bin': 'E:\Interview\observability-platform\actions-runner\bin'
[2026-08-01 15:43:01Z INFO HostContext] Well known directory 'Root': 'E:\Interview\observability-platform\actions-runner'
[2026-08-01 15:43:01Z INFO HostContext] Well known directory 'Work': 'E:\Interview\observability-platform\actions-runner\_work'
[2026-08-01 15:43:01Z INFO HostContext] Well known directory 'Temp': 'E:\Interview\observability-platform\actions-runner\_work\_temp'
[2026-08-01 15:43:01Z INFO ExecutionContext] Write event payload to E:\Interview\observability-platform\actions-runner\_work\_temp\_github_workflow\event.json
[2026-08-01 15:43:01Z INFO HostContext] Well known directory 'Bin': 'E:\Interview\observability-platform\actions-runner\bin'
[2026-08-01 15:43:01Z INFO HostContext] Well known directory 'Root': 'E:\Interview\observability-platform\actions-runner'
[2026-08-01 15:43:01Z INFO HostContext] Well known directory 'Work': 'E:\Interview\observability-platform\actions-runner\_work'
[2026-08-01 15:43:01Z INFO HostContext] Well known directory 'Temp': 'E:\Interview\observability-platform\actions-runner\_work\_temp'
[2026-08-01 15:43:01Z INFO ExtensionManager] Getting extensions for interface: 'GitHub.Runner.Worker.IFileCommandExtension'
[2026-08-01 15:43:01Z INFO JobServerQueue] Try to upload 1 log files or attachments, success rate: 1/1.
[2026-08-01 15:43:01Z INFO ExtensionManager] Getting extensions for interface: 'GitHub.Runner.Worker.IActionCommandExtension'
[2026-08-01 15:43:01Z INFO ActionCommandManager] Register action command extension for command internal-set-repo-path
[2026-08-01 15:43:01Z INFO ActionCommandManager] Register action command extension for command set-env
[2026-08-01 15:43:01Z INFO ActionCommandManager] Register action command extension for command set-output
[2026-08-01 15:43:01Z INFO ActionCommandManager] Register action command extension for command save-state
[2026-08-01 15:43:01Z INFO ActionCommandManager] Register action command extension for command add-path
[2026-08-01 15:43:01Z INFO ActionCommandManager] Register action command extension for command add-mask
[2026-08-01 15:43:01Z INFO ActionCommandManager] Register action command extension for command add-matcher
[2026-08-01 15:43:01Z INFO ActionCommandManager] Register action command extension for command remove-matcher
[2026-08-01 15:43:01Z INFO ActionCommandManager] Register action command extension for command warning
[2026-08-01 15:43:01Z INFO ActionCommandManager] Register action command extension for command error
[2026-08-01 15:43:01Z INFO ActionCommandManager] Register action command extension for command notice
[2026-08-01 15:43:01Z INFO ActionCommandManager] Register action command extension for command debug
[2026-08-01 15:43:01Z INFO ActionCommandManager] Register action command extension for command group
[2026-08-01 15:43:01Z INFO ActionCommandManager] Register action command extension for command endgroup
[2026-08-01 15:43:01Z INFO ActionCommandManager] Register action command extension for command echo
[2026-08-01 15:43:01Z INFO ScriptHandler] Which2: 'powershell'
[2026-08-01 15:43:01Z INFO ScriptHandler] Location: 'C:\Windows\System32\WindowsPowerShell\v1.0\powershell.EXE'
[2026-08-01 15:43:01Z INFO HostContext] Well known directory 'Bin': 'E:\Interview\observability-platform\actions-runner\bin'
[2026-08-01 15:43:01Z INFO HostContext] Well known directory 'Root': 'E:\Interview\observability-platform\actions-runner'
[2026-08-01 15:43:01Z INFO HostContext] Well known directory 'Work': 'E:\Interview\observability-platform\actions-runner\_work'
[2026-08-01 15:43:01Z INFO HostContext] Well known directory 'Temp': 'E:\Interview\observability-platform\actions-runner\_work\_temp'
[2026-08-01 15:43:01Z INFO ScriptHandler] Which2: 'powershell'
[2026-08-01 15:43:01Z INFO ScriptHandler] Location: 'C:\Windows\System32\WindowsPowerShell\v1.0\powershell.EXE'
[2026-08-01 15:43:01Z INFO ProcessInvokerWrapper] Starting process:
[2026-08-01 15:43:01Z INFO ProcessInvokerWrapper]   File name: 'C:\Windows\System32\WindowsPowerShell\v1.0\powershell.EXE'
[2026-08-01 15:43:01Z INFO ProcessInvokerWrapper]   Arguments: '-command ". 'E:\Interview\observability-platform\actions-runner\_work\_temp\e34ac980-4a73-4f88-a44c-1b0fee0ac0ad.ps1'"'
[2026-08-01 15:43:01Z INFO ProcessInvokerWrapper]   Working directory: 'E:\Interview\observability-platform\actions-runner\_work\observability-platform\observability-platform'
[2026-08-01 15:43:01Z INFO ProcessInvokerWrapper]   Require exit code zero: 'False'
[2026-08-01 15:43:01Z INFO ProcessInvokerWrapper]   Encoding web name:  ; code page: ''
[2026-08-01 15:43:01Z INFO ProcessInvokerWrapper]   Force kill process on cancellation: 'False'
[2026-08-01 15:43:01Z INFO ProcessInvokerWrapper]   Redirected STDIN: 'False'
[2026-08-01 15:43:01Z INFO ProcessInvokerWrapper]   Persist current code page: 'True'
[2026-08-01 15:43:01Z INFO ProcessInvokerWrapper]   Keep redirected STDIN open: 'False'
[2026-08-01 15:43:01Z INFO ProcessInvokerWrapper]   High priority process: 'False'
[2026-08-01 15:43:01Z INFO JobServerQueue] Try to append 1 batches web console lines for record '2463c16c-cdf7-41af-9886-a712bf787ce2', success rate: 1/1.
[2026-08-01 15:43:01Z INFO ProcessInvokerWrapper] Process started with process id 17572, waiting for process exit.
[2026-08-01 15:43:02Z INFO JobServerQueue] Tried to upload 1 file(s) to results, success rate: 1/1.
[2026-08-01 15:43:03Z INFO JobServerQueue] Try to append 1 batches web console lines for record '2463c16c-cdf7-41af-9886-a712bf787ce2', success rate: 1/1.
[2026-08-01 15:43:03Z INFO JobServerQueue] Try to append 1 batches web console lines for record '2463c16c-cdf7-41af-9886-a712bf787ce2', success rate: 1/1.
[2026-08-01 15:43:03Z INFO ProcessInvokerWrapper] STDOUT/STDERR stream read finished.
[2026-08-01 15:43:03Z INFO ProcessInvokerWrapper] STDOUT/STDERR stream read finished.
[2026-08-01 15:43:03Z INFO ProcessInvokerWrapper] Finished process 17572 with exit code 0, and elapsed time 00:00:01.6258543.
[2026-08-01 15:43:03Z INFO CreateStepSummaryCommand] Step Summary file (E:\Interview\observability-platform\actions-runner\_work\_temp\_runner_file_commands\step_summary_30519ed2-5bdf-476d-8f87-fbc003c1db0d) is empty; skipping attachment upload
[2026-08-01 15:43:03Z INFO StepsRunner] Step result: 
[2026-08-01 15:43:03Z INFO ExecutionContext] Publish step telemetry for current step {
  "action": "powershell",
  "type": "run",
  "stage": "Main",
  "stepId": "2463c16c-cdf7-41af-9886-a712bf787ce2",
  "stepContextName": "__run",
  "result": "succeeded",
  "errorMessages": [],
  "executionTimeInSeconds": 3,
  "startTime": "2026-08-01T15:43:01.2429641Z",
  "finishTime": "2026-08-01T15:43:03.4872646Z"
}.
[2026-08-01 15:43:03Z INFO StepsRunner] No need for updating job result with current step result 'Succeeded'.
[2026-08-01 15:43:03Z INFO StepsRunner] Current state: job state = ''
[2026-08-01 15:43:03Z INFO StepsRunner] Processing step: DisplayName='Post Run actions/checkout@v4'
[2026-08-01 15:43:03Z INFO StepsRunner] Evaluating: always()
[2026-08-01 15:43:03Z INFO StepsRunner] Result: true
[2026-08-01 15:43:03Z INFO StepsRunner] Starting the step.
[2026-08-01 15:43:03Z INFO HostContext] Well known directory 'Bin': 'E:\Interview\observability-platform\actions-runner\bin'
[2026-08-01 15:43:03Z INFO HostContext] Well known directory 'Root': 'E:\Interview\observability-platform\actions-runner'
[2026-08-01 15:43:03Z INFO HostContext] Well known directory 'Work': 'E:\Interview\observability-platform\actions-runner\_work'
[2026-08-01 15:43:03Z INFO StepsRunner] Which2: 'chcp'
[2026-08-01 15:43:03Z INFO StepsRunner] Location: 'C:\Windows\system32\chcp.COM'
[2026-08-01 15:43:03Z INFO ProcessInvokerWrapper] Starting process:
[2026-08-01 15:43:03Z INFO ProcessInvokerWrapper]   File name: 'C:\Windows\system32\chcp.COM'
[2026-08-01 15:43:03Z INFO ProcessInvokerWrapper]   Arguments: '65001'
[2026-08-01 15:43:03Z INFO ProcessInvokerWrapper]   Working directory: 'E:\Interview\observability-platform\actions-runner\_work'
[2026-08-01 15:43:03Z INFO ProcessInvokerWrapper]   Require exit code zero: 'False'
[2026-08-01 15:43:03Z INFO ProcessInvokerWrapper]   Encoding web name:  ; code page: ''
[2026-08-01 15:43:03Z INFO ProcessInvokerWrapper]   Force kill process on cancellation: 'False'
[2026-08-01 15:43:03Z INFO ProcessInvokerWrapper]   Redirected STDIN: 'False'
[2026-08-01 15:43:03Z INFO ProcessInvokerWrapper]   Persist current code page: 'True'
[2026-08-01 15:43:03Z INFO ProcessInvokerWrapper]   Keep redirected STDIN open: 'False'
[2026-08-01 15:43:03Z INFO ProcessInvokerWrapper]   High priority process: 'False'
[2026-08-01 15:43:03Z INFO ProcessInvokerWrapper] Process started with process id 18832, waiting for process exit.
[2026-08-01 15:43:03Z INFO ProcessInvokerWrapper] STDOUT/STDERR stream read finished.
[2026-08-01 15:43:03Z INFO ProcessInvokerWrapper] STDOUT/STDERR stream read finished.
[2026-08-01 15:43:03Z INFO ProcessInvokerWrapper] Finished process 18832 with exit code 0, and elapsed time 00:00:00.0117882.
[2026-08-01 15:43:03Z INFO StepsRunner] Successfully returned to code page 65001 (UTF8)
[2026-08-01 15:43:03Z INFO HostContext] Well known directory 'Bin': 'E:\Interview\observability-platform\actions-runner\bin'
[2026-08-01 15:43:03Z INFO HostContext] Well known directory 'Root': 'E:\Interview\observability-platform\actions-runner'
[2026-08-01 15:43:03Z INFO HostContext] Well known directory 'Work': 'E:\Interview\observability-platform\actions-runner\_work'
[2026-08-01 15:43:03Z INFO HostContext] Well known directory 'Actions': 'E:\Interview\observability-platform\actions-runner\_work\_actions'
[2026-08-01 15:43:03Z INFO ActionManager] Load action that reference repository from 'E:\Interview\observability-platform\actions-runner\_work\_actions\actions\checkout\v4'
[2026-08-01 15:43:03Z INFO HostContext] Well known directory 'Bin': 'E:\Interview\observability-platform\actions-runner\bin'
[2026-08-01 15:43:03Z INFO HostContext] Well known directory 'Root': 'E:\Interview\observability-platform\actions-runner'
[2026-08-01 15:43:03Z INFO HostContext] Well known directory 'Work': 'E:\Interview\observability-platform\actions-runner\_work'
[2026-08-01 15:43:03Z INFO HostContext] Well known directory 'Actions': 'E:\Interview\observability-platform\actions-runner\_work\_actions'
[2026-08-01 15:43:03Z INFO ActionManifestManagerLegacy] Loaded action.yml file: {
  "name": "Checkout",
  "description": "Checkout a Git repository at a particular version",
  "inputs": {
    "type": 2,
    "map": [
      {
        "key": {
          "type": 0,
          "file": 2,
          "line": 4,
          "col": 3,
          "lit": "repository"
        },
        "value": {
          "type": 3,
          "file": 2,
          "line": 6,
          "col": 14,
          "expr": "github.repository"
        }
      },
      {
        "key": {
          "type": 0,
          "file": 2,
          "line": 7,
          "col": 3,
          "lit": "ref"
        },
        "value": ""
      },
      {
        "key": {
          "type": 0,
          "file": 2,
          "line": 12,
          "col": 3,
          "lit": "token"
        },
        "value": {
          "type": 3,
          "file": 2,
          "line": 24,
          "col": 14,
          "expr": "github.token"
        }
      },
      {
        "key": {
          "type": 0,
          "file": 2,
          "line": 25,
          "col": 3,
          "lit": "ssh-key"
        },
        "value": ""
      },
      {
        "key": {
          "type": 0,
          "file": 2,
          "line": 37,
          "col": 3,
          "lit": "ssh-known-hosts"
        },
        "value": ""
      },
      {
        "key": {
          "type": 0,
          "file": 2,
          "line": 42,
          "col": 3,
          "lit": "ssh-strict"
        },
        "value": {
          "type": 0,
          "file": 2,
          "line": 47,
          "col": 14,
          "lit": "true"
        }
      },
      {
        "key": {
          "type": 0,
          "file": 2,
          "line": 48,
          "col": 3,
          "lit": "ssh-user"
        },
        "value": {
          "type": 0,
          "file": 2,
          "line": 51,
          "col": 14,
          "lit": "git"
        }
      },
      {
        "key": {
          "type": 0,
          "file": 2,
          "line": 52,
          "col": 3,
          "lit": "persist-credentials"
        },
        "value": {
          "type": 0,
          "file": 2,
          "line": 54,
          "col": 14,
          "lit": "true"
        }
      },
      {
        "key": {
          "type": 0,
          "file": 2,
          "line": 55,
          "col": 3,
          "lit": "path"
        },
        "value": ""
      },
      {
        "key": {
          "type": 0,
          "file": 2,
          "line": 57,
          "col": 3,
          "lit": "clean"
        },
        "value": {
          "type": 0,
          "file": 2,
          "line": 59,
          "col": 14,
          "lit": "true"
        }
      },
      {
        "key": {
          "type": 0,
          "file": 2,
          "line": 60,
          "col": 3,
          "lit": "filter"
        },
        "value": {
          "type": 0,
          "file": 2,
          "line": 64,
          "col": 14,
          "lit": ""
        }
      },
      {
        "key": {
          "type": 0,
          "file": 2,
          "line": 65,
          "col": 3,
          "lit": "sparse-checkout"
        },
        "value": {
          "type": 0,
          "file": 2,
          "line": 69,
          "col": 14,
          "lit": ""
        }
      },
      {
        "key": {
          "type": 0,
          "file": 2,
          "line": 70,
          "col": 3,
          "lit": "sparse-checkout-cone-mode"
        },
        "value": {
          "type": 0,
          "file": 2,
          "line": 73,
          "col": 14,
          "lit": "true"
        }
      },
      {
        "key": {
          "type": 0,
          "file": 2,
          "line": 74,
          "col": 3,
          "lit": "fetch-depth"
        },
        "value": {
          "type": 0,
          "file": 2,
          "line": 76,
          "col": 14,
          "lit": "1"
        }
      },
      {
        "key": {
          "type": 0,
          "file": 2,
          "line": 77,
          "col": 3,
          "lit": "fetch-tags"
        },
        "value": {
          "type": 0,
          "file": 2,
          "line": 79,
          "col": 14,
          "lit": "false"
        }
      },
      {
        "key": {
          "type": 0,
          "file": 2,
          "line": 80,
          "col": 3,
          "lit": "show-progress"
        },
        "value": {
          "type": 0,
          "file": 2,
          "line": 82,
          "col": 14,
          "lit": "true"
        }
      },
      {
        "key": {
          "type": 0,
          "file": 2,
          "line": 83,
          "col": 3,
          "lit": "lfs"
        },
        "value": {
          "type": 0,
          "file": 2,
          "line": 85,
          "col": 14,
          "lit": "false"
        }
      },
      {
        "key": {
          "type": 0,
          "file": 2,
          "line": 86,
          "col": 3,
          "lit": "submodules"
        },
        "value": {
          "type": 0,
          "file": 2,
          "line": 94,
          "col": 14,
          "lit": "false"
        }
      },
      {
        "key": {
          "type": 0,
          "file": 2,
          "line": 95,
          "col": 3,
          "lit": "set-safe-directory"
        },
        "value": {
          "type": 0,
          "file": 2,
          "line": 97,
          "col": 14,
          "lit": "true"
        }
      },
      {
        "key": {
          "type": 0,
          "file": 2,
          "line": 98,
          "col": 3,
          "lit": "github-server-url"
        },
        "value": ""
      },
      {
        "key": {
          "type": 0,
          "file": 2,
          "line": 101,
          "col": 3,
          "lit": "allow-unsafe-pr-checkout"
        },
        "value": {
          "type": 0,
          "file": 2,
          "line": 109,
          "col": 14,
          "lit": "false"
        }
      }
    ]
  },
  "execution": {
    "executionType": "nodeJS",
    "hasPre": false,
    "hasPost": true,
    "script": "dist/index.js",
    "pre": null,
    "post": "dist/index.js",
    "nodeVersion": "node20",
    "cleanupCondition": "always()",
    "initCondition": "always()"
  },
  "deprecated": null
}
[2026-08-01 15:43:03Z INFO ActionManager] Action pre node.js file: N/A.
[2026-08-01 15:43:03Z INFO ActionManager] Action node.js file: dist/index.js.
[2026-08-01 15:43:03Z INFO ActionManager] Action post node.js file: dist/index.js.
[2026-08-01 15:43:03Z INFO HostContext] Well known directory 'Bin': 'E:\Interview\observability-platform\actions-runner\bin'
[2026-08-01 15:43:03Z INFO HostContext] Well known directory 'Root': 'E:\Interview\observability-platform\actions-runner'
[2026-08-01 15:43:03Z INFO HostContext] Well known directory 'Work': 'E:\Interview\observability-platform\actions-runner\_work'
[2026-08-01 15:43:03Z INFO HostContext] Well known directory 'Temp': 'E:\Interview\observability-platform\actions-runner\_work\_temp'
[2026-08-01 15:43:03Z INFO ExecutionContext] Write event payload to E:\Interview\observability-platform\actions-runner\_work\_temp\_github_workflow\event.json
[2026-08-01 15:43:03Z INFO HostContext] Well known directory 'Bin': 'E:\Interview\observability-platform\actions-runner\bin'
[2026-08-01 15:43:03Z INFO HostContext] Well known directory 'Root': 'E:\Interview\observability-platform\actions-runner'
[2026-08-01 15:43:03Z INFO HostContext] Well known directory 'Work': 'E:\Interview\observability-platform\actions-runner\_work'
[2026-08-01 15:43:03Z INFO HostContext] Well known directory 'Temp': 'E:\Interview\observability-platform\actions-runner\_work\_temp'
[2026-08-01 15:43:03Z INFO ExtensionManager] Getting extensions for interface: 'GitHub.Runner.Worker.IFileCommandExtension'
[2026-08-01 15:43:03Z INFO ActionManifestManagerLegacy] Input 'repository': default value evaluate result: {
  "type": 0,
  "file": 2,
  "line": 6,
  "col": 14,
  "lit": "manjuaws1204/observability-platform"
}
[2026-08-01 15:43:03Z INFO ActionManifestManagerLegacy] Input 'ref': default value evaluate result: ""
[2026-08-01 15:43:03Z INFO ActionManifestManagerLegacy] Input 'token': default value evaluate result: {
  "type": 0,
  "file": 2,
  "line": 24,
  "col": 14,
  "lit": "***"
}
[2026-08-01 15:43:03Z INFO ActionManifestManagerLegacy] Input 'ssh-key': default value evaluate result: ""
[2026-08-01 15:43:03Z INFO ActionManifestManagerLegacy] Input 'ssh-known-hosts': default value evaluate result: ""
[2026-08-01 15:43:03Z INFO ActionManifestManagerLegacy] Input 'ssh-strict': default value evaluate result: {
  "type": 0,
  "file": 2,
  "line": 47,
  "col": 14,
  "lit": "true"
}
[2026-08-01 15:43:03Z INFO ActionManifestManagerLegacy] Input 'ssh-user': default value evaluate result: {
  "type": 0,
  "file": 2,
  "line": 51,
  "col": 14,
  "lit": "git"
}
[2026-08-01 15:43:03Z INFO ActionManifestManagerLegacy] Input 'persist-credentials': default value evaluate result: {
  "type": 0,
  "file": 2,
  "line": 54,
  "col": 14,
  "lit": "true"
}
[2026-08-01 15:43:03Z INFO ActionManifestManagerLegacy] Input 'path': default value evaluate result: ""
[2026-08-01 15:43:03Z INFO ActionManifestManagerLegacy] Input 'clean': default value evaluate result: {
  "type": 0,
  "file": 2,
  "line": 59,
  "col": 14,
  "lit": "true"
}
[2026-08-01 15:43:03Z INFO ActionManifestManagerLegacy] Input 'filter': default value evaluate result: {
  "type": 0,
  "file": 2,
  "line": 64,
  "col": 14,
  "lit": ""
}
[2026-08-01 15:43:03Z INFO ActionManifestManagerLegacy] Input 'sparse-checkout': default value evaluate result: {
  "type": 0,
  "file": 2,
  "line": 69,
  "col": 14,
  "lit": ""
}
[2026-08-01 15:43:03Z INFO ActionManifestManagerLegacy] Input 'sparse-checkout-cone-mode': default value evaluate result: {
  "type": 0,
  "file": 2,
  "line": 73,
  "col": 14,
  "lit": "true"
}
[2026-08-01 15:43:03Z INFO ActionManifestManagerLegacy] Input 'fetch-depth': default value evaluate result: {
  "type": 0,
  "file": 2,
  "line": 76,
  "col": 14,
  "lit": "1"
}
[2026-08-01 15:43:03Z INFO ActionManifestManagerLegacy] Input 'fetch-tags': default value evaluate result: {
  "type": 0,
  "file": 2,
  "line": 79,
  "col": 14,
  "lit": "false"
}
[2026-08-01 15:43:03Z INFO ActionManifestManagerLegacy] Input 'show-progress': default value evaluate result: {
  "type": 0,
  "file": 2,
  "line": 82,
  "col": 14,
  "lit": "true"
}
[2026-08-01 15:43:03Z INFO ActionManifestManagerLegacy] Input 'lfs': default value evaluate result: {
  "type": 0,
  "file": 2,
  "line": 85,
  "col": 14,
  "lit": "false"
}
[2026-08-01 15:43:03Z INFO ActionManifestManagerLegacy] Input 'submodules': default value evaluate result: {
  "type": 0,
  "file": 2,
  "line": 94,
  "col": 14,
  "lit": "false"
}
[2026-08-01 15:43:03Z INFO ActionManifestManagerLegacy] Input 'set-safe-directory': default value evaluate result: {
  "type": 0,
  "file": 2,
  "line": 97,
  "col": 14,
  "lit": "true"
}
[2026-08-01 15:43:03Z INFO ActionManifestManagerLegacy] Input 'github-server-url': default value evaluate result: ""
[2026-08-01 15:43:03Z INFO ActionManifestManagerLegacy] Input 'allow-unsafe-pr-checkout': default value evaluate result: {
  "type": 0,
  "file": 2,
  "line": 109,
  "col": 14,
  "lit": "false"
}
[2026-08-01 15:43:03Z INFO ExtensionManager] Getting extensions for interface: 'GitHub.Runner.Worker.IActionCommandExtension'
[2026-08-01 15:43:03Z INFO ActionCommandManager] Register action command extension for command internal-set-repo-path
[2026-08-01 15:43:03Z INFO ActionCommandManager] Register action command extension for command set-env
[2026-08-01 15:43:03Z INFO ActionCommandManager] Register action command extension for command set-output
[2026-08-01 15:43:03Z INFO ActionCommandManager] Register action command extension for command save-state
[2026-08-01 15:43:03Z INFO ActionCommandManager] Register action command extension for command add-path
[2026-08-01 15:43:03Z INFO ActionCommandManager] Register action command extension for command add-mask
[2026-08-01 15:43:03Z INFO ActionCommandManager] Register action command extension for command add-matcher
[2026-08-01 15:43:03Z INFO ActionCommandManager] Register action command extension for command remove-matcher
[2026-08-01 15:43:03Z INFO ActionCommandManager] Register action command extension for command warning
[2026-08-01 15:43:03Z INFO ActionCommandManager] Register action command extension for command error
[2026-08-01 15:43:03Z INFO ActionCommandManager] Register action command extension for command notice
[2026-08-01 15:43:03Z INFO ActionCommandManager] Register action command extension for command debug
[2026-08-01 15:43:03Z INFO ActionCommandManager] Register action command extension for command group
[2026-08-01 15:43:03Z INFO ActionCommandManager] Register action command extension for command endgroup
[2026-08-01 15:43:03Z INFO ActionCommandManager] Register action command extension for command echo
[2026-08-01 15:43:03Z INFO HostContext] Well known directory 'Bin': 'E:\Interview\observability-platform\actions-runner\bin'
[2026-08-01 15:43:03Z INFO HostContext] Well known directory 'Root': 'E:\Interview\observability-platform\actions-runner'
[2026-08-01 15:43:03Z INFO HostContext] Well known directory 'Externals': 'E:\Interview\observability-platform\actions-runner\externals'
[2026-08-01 15:43:03Z INFO ProcessInvokerWrapper] Starting process:
[2026-08-01 15:43:03Z INFO ProcessInvokerWrapper]   File name: 'E:\Interview\observability-platform\actions-runner\externals\node24\bin\node.exe'
[2026-08-01 15:43:03Z INFO ProcessInvokerWrapper]   Arguments: '"E:\Interview\observability-platform\actions-runner\_work\_actions\actions\checkout\v4\dist/index.js"'
[2026-08-01 15:43:03Z INFO ProcessInvokerWrapper]   Working directory: 'E:\Interview\observability-platform\actions-runner\_work\observability-platform\observability-platform'
[2026-08-01 15:43:03Z INFO ProcessInvokerWrapper]   Require exit code zero: 'False'
[2026-08-01 15:43:03Z INFO ProcessInvokerWrapper]   Encoding web name: utf-8 ; code page: '65001'
[2026-08-01 15:43:03Z INFO ProcessInvokerWrapper]   Force kill process on cancellation: 'False'
[2026-08-01 15:43:03Z INFO ProcessInvokerWrapper]   Redirected STDIN: 'False'
[2026-08-01 15:43:03Z INFO ProcessInvokerWrapper]   Persist current code page: 'True'
[2026-08-01 15:43:03Z INFO ProcessInvokerWrapper]   Keep redirected STDIN open: 'False'
[2026-08-01 15:43:03Z INFO ProcessInvokerWrapper]   High priority process: 'False'
[2026-08-01 15:43:03Z INFO JobServerQueue] Try to append 1 batches web console lines for record 'c8409745-a3f8-498d-94cc-40a5a68a0e89', success rate: 1/1.
[2026-08-01 15:43:03Z INFO JobServerQueue] Try to upload 1 log files or attachments, success rate: 1/1.
[2026-08-01 15:43:04Z INFO ProcessInvokerWrapper] Process started with process id 11928, waiting for process exit.
[2026-08-01 15:43:04Z INFO JobServerQueue] Got a step log file to send to results service.
[2026-08-01 15:43:04Z INFO JobServerQueue] Starting upload of step log file to results service ResultsLog, E:\Interview\observability-platform\actions-runner\_diag\blocks\b001a0b2-16fe-4fc1-aade-4805e923b8de_2463c16c-cdf7-41af-9886-a712bf787ce2.1
[2026-08-01 15:43:04Z INFO AddMaskCommandExtension] Add new secret mask with length of 32
[2026-08-01 15:43:04Z INFO JobServerQueue] Try to append 1 batches web console lines for record 'c8409745-a3f8-498d-94cc-40a5a68a0e89', success rate: 1/1.
[2026-08-01 15:43:04Z INFO JobServerQueue] Try to append 1 batches web console lines for record 'c8409745-a3f8-498d-94cc-40a5a68a0e89', success rate: 1/1.
[2026-08-01 15:43:05Z INFO JobServerQueue] Tried to upload 1 file(s) to results, success rate: 1/1.
[2026-08-01 15:43:05Z INFO JobServerQueue] Try to append 1 batches web console lines for record 'c8409745-a3f8-498d-94cc-40a5a68a0e89', success rate: 1/1.
[2026-08-01 15:43:06Z INFO JobServerQueue] Try to append 1 batches web console lines for record 'c8409745-a3f8-498d-94cc-40a5a68a0e89', success rate: 1/1.
[2026-08-01 15:43:07Z INFO ProcessInvokerWrapper] STDOUT/STDERR stream read finished.
[2026-08-01 15:43:07Z INFO ProcessInvokerWrapper] STDOUT/STDERR stream read finished.
[2026-08-01 15:43:07Z INFO ProcessInvokerWrapper] Finished process 11928 with exit code 0, and elapsed time 00:00:03.6153457.
[2026-08-01 15:43:07Z INFO CreateStepSummaryCommand] Step Summary file (E:\Interview\observability-platform\actions-runner\_work\_temp\_runner_file_commands\step_summary_1e0d3619-3248-41df-a3b1-08d580722c1c) is empty; skipping attachment upload
[2026-08-01 15:43:07Z INFO StepsRunner] Step result: 
[2026-08-01 15:43:07Z INFO ExecutionContext] Publish step telemetry for current step {
  "action": "actions/checkout",
  "ref": "v4",
  "type": "node24",
  "stage": "Post",
  "stepId": "c8409745-a3f8-498d-94cc-40a5a68a0e89",
  "result": "succeeded",
  "errorMessages": [],
  "executionTimeInSeconds": 4,
  "startTime": "2026-08-01T15:43:03.5026012Z",
  "finishTime": "2026-08-01T15:43:07.1493891Z"
}.
[2026-08-01 15:43:07Z INFO StepsRunner] No need for updating job result with current step result 'Succeeded'.
[2026-08-01 15:43:07Z INFO StepsRunner] Current state: job state = ''
[2026-08-01 15:43:07Z INFO JobRunner] Finalize job.
[2026-08-01 15:43:07Z INFO HostContext] Well known directory 'Bin': 'E:\Interview\observability-platform\actions-runner\bin'
[2026-08-01 15:43:07Z INFO HostContext] Well known directory 'Root': 'E:\Interview\observability-platform\actions-runner'
[2026-08-01 15:43:07Z INFO HostContext] Well known directory 'Diag': 'E:\Interview\observability-platform\actions-runner\_diag'
[2026-08-01 15:43:07Z INFO HostContext] Well known directory 'Bin': 'E:\Interview\observability-platform\actions-runner\bin'
[2026-08-01 15:43:07Z INFO HostContext] Well known directory 'Root': 'E:\Interview\observability-platform\actions-runner'
[2026-08-01 15:43:07Z INFO HostContext] Well known directory 'Diag': 'E:\Interview\observability-platform\actions-runner\_diag'
[2026-08-01 15:43:07Z INFO JobExtension] Initialize Env context
[2026-08-01 15:43:07Z INFO JobExtension] Initialize steps context
[2026-08-01 15:43:07Z INFO JobExtension] Total accessible running process: 242.
[2026-08-01 15:43:07Z INFO JobExtension] Wait for all connectivity checks to finish.
[2026-08-01 15:43:07Z INFO JobExtension] Connectivity check result: {
  "endpointUrl": "https://broker.actions.githubusercontent.com/health",
  "endpointIPs": null,
  "startTime": "2026-08-01T15:42:30.9573877Z",
  "statusCode": "http_OK",
  "requestId": "C63C:191647:2CA119:2DFF6D:6A6E13E7",
  "httpRequestDurationInMs": 926,
  "dnsResolutionDurationInMs": 0,
  "dnsError": null
}
[2026-08-01 15:43:07Z INFO JobExtension] Connectivity check result: {
  "endpointUrl": "https://token.actions.githubusercontent.com/ready",
  "endpointIPs": null,
  "startTime": "2026-08-01T15:42:30.9593558Z",
  "statusCode": "http_NoContent",
  "requestId": "C63E:4B397:76AD16:A28870:6A6E13E7",
  "httpRequestDurationInMs": 981,
  "dnsResolutionDurationInMs": 0,
  "dnsError": null
}
[2026-08-01 15:43:07Z INFO JobExtension] Connectivity check result: {
  "endpointUrl": "https://run.actions.githubusercontent.com/health",
  "endpointIPs": null,
  "startTime": "2026-08-01T15:42:30.9597358Z",
  "statusCode": "http_OK",
  "requestId": "C63D:159A79:2D28B8:2E8ACB:6A6E13E7",
  "httpRequestDurationInMs": 851,
  "dnsResolutionDurationInMs": 0,
  "dnsError": null
}
[2026-08-01 15:43:07Z INFO ExecutionContext] Publish step telemetry for current step {
  "action": "complete_job",
  "type": "runner",
  "stage": "Post",
  "stepId": "0b98f6e0-d6d1-4576-a974-a51f13d23d01",
  "result": "succeeded",
  "errorMessages": [
    "Node.js 20 is deprecated. The following actions target Node.js 20 but are being forced to run on Node.js 24: actions/checkout@v4. For more information see: https://github.blog/changelog/2025-09-19-deprecation-of-node-20-on-github-actions-runners/"
  ],
  "executionTimeInSeconds": 1,
  "startTime": "2026-08-01T15:43:07.1565091Z",
  "finishTime": "2026-08-01T15:43:07.1714011Z"
}.
[2026-08-01 15:43:07Z INFO JobRunner] Job result after all job steps finish: Succeeded
[2026-08-01 15:43:07Z INFO JobRunner] Completing the job execution context.
[2026-08-01 15:43:07Z INFO JobRunner] Shutting down the job server queue.
[2026-08-01 15:43:07Z INFO JobServerQueue] Fire signal to shutdown all queues.
[2026-08-01 15:43:08Z INFO JobServerQueue] All queue process task stopped.
[2026-08-01 15:43:08Z INFO JobServerQueue] Try to append 1 batches web console lines for record '0b98f6e0-d6d1-4576-a974-a51f13d23d01', success rate: 1/1.
[2026-08-01 15:43:08Z INFO JobServerQueue] Web console line queue drained.
[2026-08-01 15:43:08Z INFO JobServerQueue] Uploading 3 files in one shot.
[2026-08-01 15:43:08Z INFO JobServerQueue] Try to upload 3 log files or attachments, success rate: 3/3.
[2026-08-01 15:43:08Z INFO JobServerQueue] File upload queue drained.
[2026-08-01 15:43:08Z INFO JobServerQueue] Starting results-based upload queue...
[2026-08-01 15:43:08Z INFO JobServerQueue] Uploading 3 file(s) in one shot through results service.
[2026-08-01 15:43:08Z INFO JobServerQueue] Got a step log file to send to results service.
[2026-08-01 15:43:08Z INFO JobServerQueue] Starting upload of step log file to results service ResultsLog, E:\Interview\observability-platform\actions-runner\_diag\blocks\b001a0b2-16fe-4fc1-aade-4805e923b8de_c8409745-a3f8-498d-94cc-40a5a68a0e89.1
[2026-08-01 15:43:09Z INFO JobServerQueue] Got a step log file to send to results service.
[2026-08-01 15:43:09Z INFO JobServerQueue] Starting upload of step log file to results service ResultsLog, E:\Interview\observability-platform\actions-runner\_diag\blocks\b001a0b2-16fe-4fc1-aade-4805e923b8de_0b98f6e0-d6d1-4576-a974-a51f13d23d01.1
[2026-08-01 15:43:09Z INFO JobServerQueue] Got a job log file to send to results service.
[2026-08-01 15:43:09Z INFO JobServerQueue] Starting upload of job log file to results service ResultsLog, E:\Interview\observability-platform\actions-runner\_diag\blocks\b001a0b2-16fe-4fc1-aade-4805e923b8de_c3bfa023-0395-5d1e-b307-a2de08525c56.1
[2026-08-01 15:43:10Z INFO JobServerQueue] Tried to upload 3 file(s) to results, success rate: 3/3.
[2026-08-01 15:43:10Z INFO JobServerQueue] Results upload queue drained.
[2026-08-01 15:43:11Z INFO JobServerQueue] Timeline update queue drained.
[2026-08-01 15:43:11Z INFO JobServerQueue] Disposing job server ...
[2026-08-01 15:43:11Z INFO JobServerQueue] Disposing results server ...
[2026-08-01 15:43:11Z INFO JobServerQueue] All queue process tasks have been stopped, and all queues are drained.
[2026-08-01 15:43:11Z INFO TempDirectoryManager] Cleaning runner temp folder: E:\Interview\observability-platform\actions-runner\_work\_temp
[2026-08-01 15:43:11Z INFO HostContext] Well known directory 'Bin': 'E:\Interview\observability-platform\actions-runner\bin'
[2026-08-01 15:43:11Z INFO HostContext] Well known directory 'Root': 'E:\Interview\observability-platform\actions-runner'
[2026-08-01 15:43:11Z INFO HostContext] Well known directory 'Diag': 'E:\Interview\observability-platform\actions-runner\_diag'
[2026-08-01 15:43:11Z INFO HostContext] Well known config file 'Telemetry': 'E:\Interview\observability-platform\actions-runner\_diag\.telemetry'
[2026-08-01 15:43:11Z INFO JobRunner] Raising job completed against run service
[2026-08-01 15:43:12Z INFO Worker] Job completed.
